time,APCP_surface,DLWRF_surface,DSWRF_surface,PRES_surface,SPFH_2maboveground,TMP_2maboveground,UGRD_10maboveground,VGRD_10maboveground,precip_rate
2022-07-16 00:00:00,3.486973,371.5198333333333,362.41,95706.95,0.0165216666666666,300.8,-2.1,1.4695,0.0009686036
2022-07-16 01:00:00,0.0,371.5058333333333,220.173,95686.95,0.0160128333333333,300.2616666666667,-2.4088333333333334,0.6391666666666667,0.0
2022-07-16 02:00:00,1.0088943,371.4813333333333,80.01299999999999,95686.95,0.0161911666666666,297.72166666666664,-2.3088333333333333,0.1695,0.00028024844
2022-07-16 03:00:00,0.0,357.439,0.0,95683.9,0.0161305,295.65333333333336,-2.439166666666667,1.5911666666666668,0.0
2022-07-16 04:00:00,0.0,357.4311666666667,0.0,95680.0,0.016061,295.1616666666667,-1.3,2.6,0.0
2022-07-16 05:00:00,0.0,357.4175,0.0,95616.95,0.0159608333333333,294.5316666666667,-1.6000000000000003,2.5,0.0
2022-07-16 06:00:00,1.0013399,360.0888333333333,0.0,95566.95,0.0157999999999999,295.06166666666667,-2.0,3.1086666666666667,0.00027814996
2022-07-16 07:00:00,0.0,360.0888333333333,0.0,95476.95,0.0150608333333333,294.9316666666667,-3.5391666666666666,4.3695,0.0
2022-07-16 08:00:00,1.0088943,360.0888333333333,0.0,95596.95,0.0127606666666666,293.19166666666666,-3.3000000000000003,1.9783333333333333,0.00028024844
2022-07-16 09:00:00,0.0,367.6876666666667,0.0,95730.86666666664,0.0128606666666666,291.5316666666667,-0.5735,-0.3215,0.0
2022-07-16 10:00:00,0.0,367.6816666666667,0.0,95613.9,0.0128606666666666,291.06166666666667,-5.891333333333333,-10.360833333333334,0.0
2022-07-16 11:00:00,0.0,367.691,1.4618333333333335,95690.0,0.0124695,291.0,1.687166666666667,6.860833333333333,0.0
2022-07-16 12:00:00,1.0088943,384.7076666666667,81.63333333333334,95450.0,0.0119304999999999,291.5683333333333,-3.0391666666666666,5.5305,0.00028024844
2022-07-16 13:00:00,0.0,384.7205000000001,165.184,95416.95,0.0113911666666666,292.36999999999995,-2.8695,2.0305,0.0
2022-07-16 14:00:00,0.0,384.7573333333333,246.5438333333333,95446.95,0.0129913333333333,294.5683333333333,-2.8608333333333333,5.069833333333333,0.0
2022-07-16 15:00:00,0.0,397.6305,489.914,95516.95,0.0129913333333333,295.9,-1.1911666666666667,3.339,0.0
2022-07-16 16:00:00,0.0,397.666,633.257,95543.9,0.0138608333333333,297.6,-0.4608333333333334,2.0783333333333336,0.0
2022-07-16 17:00:00,0.0,397.68266666666665,735.4755,95563.9,0.0141606666666666,298.5,0.9478333333333334,1.2696666666666667,0.0
2022-07-16 18:00:00,0.0,416.35283333333336,818.2796666666667,95516.95,0.0154911666666666,299.6,0.5,2.4,0.0
2022-07-16 19:00:00,0.0,416.35283333333336,830.0904999999999,95526.95,0.016613,300.20000000000005,1.6000000000000003,0.8000000000000002,0.0
2022-07-16 20:00:00,0.054869264,416.35283333333336,809.9248333333334,95496.95,0.0166825,301.0683333333333,1.3,1.5391666666666668,1.5241462e-05
2022-07-16 21:00:00,0.054869264,413.6611666666667,796.7913333333332,95443.9,0.016213,301.3,1.5391666666666668,1.8,1.5241462e-05
2022-07-16 22:00:00,0.07225393,413.6611666666667,676.2228333333334,95386.95,0.0170824999999999,301.5,-0.4695,2.8088333333333337,2.0070534e-05
2022-07-16 23:00:00,0.0,413.6611666666667,506.6365,95366.95,0.0181215,301.5683333333333,-2.560833333333333,2.3783333333333334,0.0
2022-07-17 00:00:00,0.0,396.9290000000001,354.89000000000004,95346.95,0.016652,301.36999999999995,-1.9,1.608666666666667,0.0
2022-07-17 01:00:00,0.0,396.9018333333333,214.917,95346.95,0.0178736666666666,300.3,-2.5698333333333334,0.8390000000000001,0.0
2022-07-17 02:00:00,0.0,396.86483333333337,76.93333333333334,95326.95,0.0182911666666666,298.5216666666667,-1.8,2.6,0.0
2022-07-17 03:00:00,0.0,372.10266666666666,0.0,95356.95,0.0172,296.62166666666667,-1.8,2.708833333333333,0.0
2022-07-17 04:00:00,0.0,372.10266666666666,0.0,95346.95,0.0164696666666666,295.7916666666667,-2.0,3.0391666666666666,0.0
2022-07-17 05:00:00,0.0,372.0988333333333,0.0,95316.95,0.0157301666666666,295.2916666666667,-1.5698333333333334,2.8175000000000003,0.0
2022-07-17 06:00:00,0.0,365.1343333333333,0.0,95266.95,0.0162,294.9,-2.4,2.708833333333333,0.0
2022-07-17 07:00:00,0.0,365.1231666666667,0.0,95246.95,0.0158303333333333,294.46,0.6,1.6478333333333337,0.0
2022-07-17 08:00:00,0.0,365.1231666666667,0.0,95196.95,0.0154305,294.46,1.1,3.5086666666666666,0.0
2022-07-17 09:00:00,0.0,360.3013333333333,0.0,95180.0,0.0155305,294.63000000000005,1.2088333333333334,2.6785,0.0
2022-07-17 10:00:00,1.0162505,360.3013333333333,0.0,95163.9,0.0157999999999999,294.5316666666667,-0.0911666666666666,3.5783333333333336,0.00028229182
2022-07-17 11:00:00,0.0,360.3013333333333,0.9231666666666666,95176.95,0.0159,294.8,1.0698333333333334,4.1,0.0
2022-07-17 12:00:00,0.0,366.01683333333335,116.6125,95160.0,0.0163606666666666,295.36999999999995,-1.4608333333333334,2.5480000000000005,0.0
2022-07-17 13:00:00,0.0,366.0248333333334,237.9868333333333,95136.95,0.0170218333333333,297.3,-0.7000000000000001,1.4391666666666667,0.0
2022-07-17 14:00:00,0.0,366.05300000000005,356.1995,95116.95,0.0177218333333333,298.9,1.1,3.3000000000000003,0.0
2022-07-17 15:00:00,0.0,393.38933333333335,493.7745,95116.95,0.0179216666666666,299.4316666666667,3.9,2.1,0.0
2022-07-17 16:00:00,0.0,393.4170000000001,638.7323333333334,95126.95,0.0173911666666666,300.46,4.0,1.1,0.0
2022-07-17 17:00:00,0.0,393.432,742.1363333333334,95146.95,0.0190215,301.70000000000005,3.5698333333333334,0.7071666666666667,0.0
2022-07-17 18:00:00,0.0,411.8183333333333,825.0863333333333,95176.95,0.018452,302.5683333333333,3.0305,0.3088333333333333,0.0
2022-07-17 19:00:00,0.0,411.8306666666667,837.078,95196.95,0.0192433333333333,303.1,2.7000000000000006,-1.0911666666666666,0.0
2022-07-17 20:00:00,0.0,411.8306666666667,816.7545,95183.9,0.0194824999999999,303.63000000000005,2.6695000000000007,-1.2218333333333335,0.0
2022-07-17 21:00:00,0.0,402.1760000000001,805.2178333333333,95186.95,0.0198825,304.0,2.9,-0.9608333333333334,0.0
2022-07-17 22:00:00,0.0,402.171,683.1235,95166.95,0.018313,304.3,2.708833333333333,-0.5,0.0
2022-07-17 23:00:00,0.0,402.1548333333333,511.488,95156.95,0.0186736666666666,304.4,2.4088333333333334,-1.0305,0.0
2022-07-18 00:00:00,0.0,383.64033333333344,360.6038333333333,95146.95,0.0197824999999999,302.5,1.9695,-0.9301666666666668,0.0
2022-07-18 01:00:00,0.0,383.64033333333344,217.613,95100.0,0.0198519999999999,302.0316666666667,1.7,0.4301666666666667,0.0
2022-07-18 02:00:00,0.0,383.6191666666667,76.6675,95096.95,0.0198304999999999,300.06166666666667,1.1,0.8000000000000002,0.0
2022-07-18 03:00:00,0.0,353.81666666666666,0.0,95046.95,0.0171301666666666,298.0216666666667,-1.4695,0.7303333333333333,0.0
2022-07-18 04:00:00,0.0,353.7988333333333,0.0,95066.95,0.0165,296.96,-1.1911666666666667,2.6,0.0
2022-07-18 05:00:00,0.0,353.776,0.0,94980.0,0.0153,298.4683333333333,-2.260666666666667,2.4,0.0
2022-07-18 06:00:00,0.17607273,355.33449999999993,0.0,95303.9,0.0142695,295.63000000000005,3.939166666666667,-2.5911666666666666,4.8909093e-05
2022-07-18 07:00:00,0.30206943,355.31666666666666,0.0,95123.9,0.0141785,294.37833333333333,-3.5911666666666666,-3.5698333333333334,8.390818e-05
2022-07-18 08:00:00,0.27450725,355.31666666666666,0.0,95110.0,0.0146,294.23,-4.260666666666666,-2.8000000000000003,7.6252014e-05
2022-07-18 09:00:00,0.0,371.074,0.0,95116.95,0.0135303333333333,293.0,-6.039166666666667,-1.6000000000000003,0.0
2022-07-18 10:00:00,0.0,371.074,0.0,95026.95,0.013261,292.63000000000005,-7.9695,1.0086666666666666,0.0
2022-07-18 11:00:00,0.0,371.0841666666667,0.0593333333333333,95056.95,0.0135303333333333,292.4316666666667,-3.5391666666666666,2.1,0.0
2022-07-18 12:00:00,0.0,375.9813333333333,94.9445,94976.95,0.0131999999999999,292.9683333333333,-6.2,2.8175000000000003,0.0
2022-07-18 13:00:00,0.0,376.0035,195.55733333333333,94946.95,0.0141606666666666,294.4,-2.460833333333333,4.248,0.0
2022-07-18 14:00:00,0.0,376.0196666666666,293.53383333333335,94913.9,0.014691,296.1,-3.8,3.439166666666667,0.0
2022-07-18 15:00:00,0.0,389.339,488.00250000000005,94876.95,0.0164218333333333,298.0,-3.260666666666667,4.539166666666667,0.0
2022-07-18 16:00:00,0.0,389.35100000000006,631.758,94846.95,0.0176519999999999,299.6,-3.5391666666666666,1.0086666666666666,0.0
2022-07-18 17:00:00,0.0,389.3723333333334,734.3635,94836.95,0.0187824999999999,299.9916666666666,-4.3695,-0.5698333333333333,0.0
2022-07-18 18:00:00,0.0,415.833,695.3516666666668,94826.95,0.018652,300.9,-4.569833333333333,-2.260666666666667,0.0
2022-07-18 19:00:00,0.0,415.83616666666666,705.5985000000001,94796.95,0.0189823333333333,301.2383333333334,-5.908833333333334,-1.4608333333333334,0.0
2022-07-18 20:00:00,0.0,415.83616666666666,688.4705,94786.95,0.0193216666666666,300.6,-6.5,-3.1,0.0
2022-07-18 21:00:00,0.0,423.77,423.5874999999999,94733.9,0.019052,300.27000000000004,-7.2,-2.2303333333333337,0.0
2022-07-18 22:00:00,0.0,423.7615,359.24500000000006,94686.95,0.0182911666666666,299.8,-6.400000000000001,-2.5,0.0
2022-07-18 23:00:00,0.0,423.7615,268.79383333333334,94626.95,0.0172216666666666,299.9,-7.1000000000000005,-1.9,0.0
2022-07-19 00:00:00,0.0,397.3153333333333,336.0615,94543.9,0.0180911666666666,299.77000000000004,-6.8,-1.9,0.0
2022-07-19 01:00:00,0.0,397.3066666666667,202.06266666666667,94496.95,0.0176911666666666,299.0683333333333,-6.6000000000000005,-1.0305,0.0
2022-07-19 02:00:00,0.0,397.2898333333333,69.95666666666666,94463.9,0.0178301666666666,298.13000000000005,-4.3,-0.5391666666666667,0.0
2022-07-19 03:00:00,0.0,383.8878333333334,0.0,94403.9,0.0173216666666666,297.2616666666667,-4.1695,-0.9,0.0
2022-07-19 04:00:00,0.0,383.8878333333334,0.0,94433.9,0.0161,296.67,-4.991333333333333,-0.2393333333333333,0.0
2022-07-19 05:00:00,0.0,383.8633333333334,0.0,94393.9,0.0157608333333333,295.9,-3.2000000000000006,-1.6000000000000003,0.0
2022-07-19 06:00:00,3.372282,404.6895,0.0,94426.1,0.0161305,295.36999999999995,-6.778333333333333,-1.9391666666666667,0.000936745
2022-07-19 07:00:00,9.6169405,404.6755,0.0,94223.9,0.0136913333333333,293.9,-8.230333333333332,-2.560833333333333,0.0026713724
2022-07-19 08:00:00,0.0,404.6613333333333,0.0,94280.0,0.0149913333333333,293.33,-4.6610000000000005,-3.661,0.0
2022-07-19 09:00:00,0.0,396.31866666666673,0.0,94196.95,0.0134304999999999,291.86999999999995,0.348,0.0,0.0
2022-07-19 10:00:00,0.0,396.3325,0.0,93896.95,0.0141304999999999,292.9683333333333,-4.808833333333333,0.8390000000000001,0.0
2022-07-19 11:00:00,0.0,396.3131666666666,0.0,94050.0,0.0130999999999999,291.67,1.839,4.048000000000001,0.0
2022-07-19 12:00:00,3.372282,365.3395,65.36833333333333,93936.95,0.0126,291.4683333333333,3.0391666666666666,3.708833333333333,0.000936745
2022-07-19 13:00:00,0.29843453,365.3395,135.8965,94036.95,0.0133305,291.6,1.5086666666666666,2.1695,8.289848e-05
2022-07-19 14:00:00,0.6,365.3378333333333,204.61416666666665,93996.95,0.013261,292.20000000000005,1.652,2.0,0.00016666668
2022-07-19 15:00:00,0.5845987,391.6861666666667,261.04516666666666,94026.95,0.0114606666666666,290.9683333333333,2.6911666666666663,0.4478333333333333,0.00016238853
2022-07-19 16:00:00,0.5124224,391.6861666666667,338.2008333333333,93996.95,0.0116,290.2383333333334,4.6000000000000005,2.0698333333333334,0.00014233956
2022-07-19 17:00:00,0.4,391.6985,393.31033333333335,94096.95,0.0116,290.5683333333333,3.5305,1.9391666666666667,0.00011111111
2022-07-19 18:00:00,0.3,392.7576666666667,462.036,94083.9,0.0136,292.90833333333336,4.708833333333334,1.252,8.333334e-05
2022-07-19 19:00:00,0.1,392.7576666666667,468.8011666666666,94156.95,0.0133215,295.61000000000007,3.8695,-1.0783333333333334,2.7777778e-05
2022-07-19 20:00:00,0.20839846,392.758,457.41,94146.95,0.0149606666666666,296.6,1.3913333333333335,-7.369499999999999,5.788846e-05
2022-07-19 21:00:00,0.12314581,398.4756666666667,442.9691666666667,94206.95,0.0141519999999999,297.2616666666667,2.6911666666666663,-8.769666666666668,3.420717e-05
2022-07-19 22:00:00,0.0,398.4881666666667,375.5301666666667,94316.95,0.0147608333333333,296.70000000000005,2.3000000000000003,-9.769666666666668,0.0
2022-07-19 23:00:00,0.1,398.492,280.77250000000004,94466.95,0.0133305,294.54,3.3000000000000003,-8.2,2.7777778e-05
2022-07-20 00:00:00,0.2,376.9691666666667,318.4365,94596.95,0.0140608333333333,296.4683333333333,3.3000000000000003,-7.400000000000001,5.5555556e-05
2022-07-20 01:00:00,0.12342338,376.968,190.702,94646.95,0.0139909999999999,294.9316666666667,2.8608333333333333,-6.060833333333332,3.4284272e-05
2022-07-20 02:00:00,0.0,376.9413333333334,64.76116666666667,94696.95,0.0141606666666666,294.0316666666667,3.9,-2.2303333333333337,0.0
2022-07-20 03:00:00,0.0,365.2441666666667,0.0,94750.0,0.0139304999999999,293.2916666666667,3.2303333333333337,-2.8000000000000003,0.0
2022-07-20 04:00:00,0.0,365.2441666666667,0.0,94806.95,0.0137303333333333,292.1616666666667,2.939166666666667,-1.1305000000000005,0.0
2022-07-20 05:00:00,0.0,365.2315,0.0,94866.95,0.0126,290.7616666666667,1.7303333333333333,0.6,0.0
2022-07-20 06:00:00,0.0,330.0713333333333,0.0,94890.0,0.0123,290.5316666666667,3.3000000000000003,0.2,0.0
2022-07-20 07:00:00,0.0,330.0551666666667,0.0,94876.95,0.0123,290.6,3.7000000000000006,-0.1,0.0
2022-07-20 08:00:00,0.0,330.05033333333336,0.0,94886.95,0.0120305,290.63000000000005,3.6,-0.8695,0.0
2022-07-20 09:00:00,0.0,325.94816666666674,0.0,94876.95,0.0121695,290.5683333333333,3.4,-0.8000000000000002,0.0
2022-07-20 10:00:00,0.0,325.94816666666674,0.0,94886.95,0.0121999999999999,290.4316666666667,2.4695,-0.4000000000000001,0.0
2022-07-20 11:00:00,0.0,325.94816666666674,0.0,94926.95,0.0118695,289.70000000000005,2.9,0.5,0.0
2022-07-20 12:00:00,0.0,339.5605,111.714,94976.95,0.0121303333333333,290.36999999999995,3.323166666666667,0.8000000000000002,0.0
2022-07-20 13:00:00,0.0,339.5715,234.53816666666668,95006.95,0.0129218333333333,292.0683333333333,3.0,0.0,0.0
2022-07-20 14:00:00,0.0,339.6126666666667,354.25766666666664,95026.95,0.0132909999999999,293.6,2.5,-1.5,0.0
2022-07-20 15:00:00,0.0,378.4491666666666,485.88616666666667,95046.95,0.0132909999999999,295.3,3.2303333333333337,-2.339,0.0
2022-07-20 16:00:00,0.0,378.46316666666667,630.0131666666667,95036.95,0.0131911666666666,295.5,2.8000000000000003,-2.4301666666666666,0.0
2022-07-20 17:00:00,0.0,378.46316666666667,733.0358333333334,95066.95,0.0121521666666666,295.9,2.5698333333333334,-2.3000000000000003,0.0
2022-07-20 18:00:00,0.0,412.9085,505.4748333333334,95106.95,0.0123913333333333,296.9,2.9,-3.2000000000000006,0.0
2022-07-20 19:00:00,0.0,412.9075,513.0053333333334,95093.9,0.0123128333333333,297.5,4.508666666666667,-4.0,0.0
2022-07-20 20:00:00,0.0,412.9075,500.511,95106.95,0.0122521666666666,297.5,6.008666666666668,-4.3695,0.0
2022-07-20 21:00:00,0.0,375.10016666666667,750.3629999999999,95136.95,0.0113521666666666,297.06166666666667,5.639166666666667,-4.408833333333333,0.0
2022-07-20 22:00:00,0.0,375.10016666666667,635.8791666666667,95146.95,0.0112519999999999,296.4,6.400000000000001,-4.6000000000000005,0.0
2022-07-20 23:00:00,0.0,375.0843333333334,475.05300000000005,95180.0,0.0099911666666666,295.5,6.539166666666667,-4.760666666666666,0.0
2022-07-21 00:00:00,0.0,333.3401666666667,359.7086666666667,95213.9,0.0096216666666666,294.67,5.7,-3.6,0.0
2022-07-21 01:00:00,0.0,333.32533333333333,214.526,95220.0,0.0096216666666666,293.63000000000005,4.939166666666667,-4.095,0.0
2022-07-21 02:00:00,0.0,333.3056666666667,71.38250000000001,95246.95,0.0095608333333333,291.59166666666664,4.4,-2.5698333333333334,0.0
2022-07-21 03:00:00,0.0,311.4096666666667,0.0,95286.95,0.0095608333333333,289.4216666666667,3.6695000000000007,-0.5,0.0
2022-07-21 04:00:00,0.0,311.4096666666667,0.0,95290.0,0.0094,288.9916666666666,4.0,0.0,0.0
2022-07-21 05:00:00,0.0,311.392,0.0,95276.95,0.0093303333333333,288.46,4.608666666666667,0.8000000000000002,0.0
2022-07-21 06:00:00,0.0,304.49783333333335,0.0,95250.0,0.0093,287.83,3.7000000000000006,0.8390000000000001,0.0
2022-07-21 07:00:00,0.0,304.49783333333335,0.0,95236.95,0.0093,286.96,3.8,0.9,0.0
2022-07-21 08:00:00,0.0,304.4433333333333,0.0,95206.95,0.0092,286.7616666666667,4.1695,0.7000000000000001,0.0
2022-07-21 09:00:00,0.0,298.52583333333337,0.0,95186.95,0.0089,286.63000000000005,3.269666666666667,0.6,0.0
2022-07-21 10:00:00,0.0,298.48783333333336,0.0,95206.95,0.0088303333333333,286.4,3.608666666666666,0.9,0.0
2022-07-21 11:00:00,0.0,298.48783333333336,0.0,95240.0,0.0087696666666666,286.4,4.308833333333333,0.7000000000000001,0.0
2022-07-21 12:00:00,0.0,304.72616666666664,111.92816666666666,95256.95,0.0086,286.5683333333333,5.2,0.9391666666666666,0.0
2022-07-21 13:00:00,0.0,304.75283333333334,237.43816666666663,95306.95,0.0093606666666666,288.1,4.8,1.1996666666666669,0.0
2022-07-21 14:00:00,0.0,304.7718333333333,359.78883333333334,95290.0,0.0105911666666666,290.9,3.908833333333333,-0.0608333333333333,0.0
2022-07-21 15:00:00,0.0,338.2018333333333,497.6513333333333,95266.95,0.0102913333333333,292.5,5.3,-0.4000000000000001,0.0
2022-07-21 16:00:00,0.0,338.2121666666667,645.8271666666666,95226.95,0.0096608333333333,294.5,4.5,-0.7303333333333333,0.0
2022-07-21 17:00:00,0.0,338.2121666666667,751.7771666666667,95226.95,0.0104215,295.86999999999995,6.2,0.6,0.0
2022-07-21 18:00:00,0.0,353.60116666666664,832.4085,95156.95,0.0106521666666666,296.5,4.0,-0.8000000000000002,0.0
2022-07-21 19:00:00,0.0,353.60116666666664,844.8490000000002,95136.95,0.0109519999999999,296.9683333333333,5.408833333333334,-1.3695000000000002,0.0
2022-07-21 20:00:00,0.0,353.605,824.2491666666668,95116.95,0.0103824999999999,296.9,5.308833333333334,-0.161,0.0
2022-07-21 21:00:00,0.0,353.2005,807.038,95086.95,0.0102519999999999,297.20000000000005,6.708833333333334,-1.4,0.0
2022-07-21 22:00:00,0.0,353.2005,683.6058333333334,95066.95,0.0107521666666666,297.36999999999995,6.1695,-1.7696666666666667,0.0
2022-07-21 23:00:00,0.0,353.2005,510.276,95073.9,0.010552,296.9683333333333,5.6000000000000005,-2.539166666666667,0.0
2022-07-22 00:00:00,0.0,343.4693333333333,352.6193333333333,95066.95,0.0103911666666666,296.20000000000005,4.6000000000000005,-2.2,0.0
2022-07-22 01:00:00,0.0,343.459,209.378,95066.95,0.0112519999999999,295.4316666666667,4.2,-1.0698333333333334,0.0
2022-07-22 02:00:00,0.0,343.432,68.14683333333333,95056.95,0.0113606666666666,293.5216666666667,2.1,1.1305000000000005,0.0
2022-07-22 03:00:00,0.0,324.39050000000003,0.0,95056.95,0.0112305,291.4216666666667,2.7000000000000006,2.208833333333333,0.0
2022-07-22 04:00:00,0.0,324.39050000000003,0.0,95046.95,0.011,290.19166666666666,2.7000000000000006,2.6086666666666667,0.0
2022-07-22 05:00:00,0.0,324.39050000000003,0.0,95026.95,0.0107,289.8616666666667,2.4695,2.0086666666666666,0.0
2022-07-22 06:00:00,0.0,317.1718333333333,0.0,95026.95,0.0104305,289.1616666666667,2.4,2.0,0.0
2022-07-22 07:00:00,0.0,317.1718333333333,0.0,95026.95,0.01,288.12166666666667,1.7393333333333334,1.7393333333333334,0.0
2022-07-22 08:00:00,0.0,317.1718333333333,0.0,95053.9,0.0101696666666666,288.5316666666667,2.739333333333333,1.6391666666666669,0.0
2022-07-22 09:00:00,0.0,310.6603333333333,0.0,95056.95,0.0096,287.7616666666667,3.4,2.1391666666666667,0.0
2022-07-22 10:00:00,0.0,310.65883333333335,0.0,95060.0,0.0100695,287.59166666666664,3.5,2.1391666666666667,0.0
2022-07-22 11:00:00,0.0,310.65883333333335,0.0,95096.95,0.0098999999999999,287.1616666666667,3.6,0.4000000000000001,0.0
2022-07-22 12:00:00,0.0,316.8,108.67383333333332,95126.95,0.0101,287.70000000000005,2.769666666666667,0.3088333333333333,0.0
2022-07-22 13:00:00,0.0,316.8,233.0765,95176.95,0.011191,289.9,2.269666666666667,0.7303333333333333,0.0
2022-07-22 14:00:00,0.0,316.8,354.3446666666667,95180.0,0.0120911666666666,292.0,1.3088333333333333,2.508666666666667,0.0
2022-07-22 15:00:00,0.0,350.5271666666667,488.83449999999993,95156.95,0.0127911666666666,294.4683333333333,1.9695,0.8305000000000001,0.0
2022-07-22 16:00:00,0.0,350.546,634.9001666666667,95176.95,0.0130913333333333,296.6,2.9695,1.2303333333333333,0.0
2022-07-22 17:00:00,0.0,350.5623333333333,739.4085,95176.95,0.0120519999999999,297.77000000000004,2.7000000000000006,-0.7000000000000001,0.0
2022-07-22 18:00:00,0.0,365.9575,806.3605000000001,95196.95,0.0113521666666666,298.4683333333333,3.0391666666666666,-2.0305,0.0
2022-07-22 19:00:00,0.0,365.9575,818.511,95206.95,0.0104128333333333,298.77000000000004,2.0086666666666666,-2.3695,0.0
2022-07-22 20:00:00,0.0,365.9575,798.4941666666667,95186.95,0.0112519999999999,299.3,0.9,-2.4,0.0
2022-07-22 21:00:00,0.0,369.5026666666667,757.236,95126.95,0.0113521666666666,299.5683333333333,-0.4000000000000001,-1.8,0.0
2022-07-22 22:00:00,0.0,369.5026666666667,641.1266666666667,95116.95,0.0111215,299.17,-0.8000000000000002,-1.5,0.0
2022-07-22 23:00:00,0.0,369.5026666666667,478.1338333333333,95146.95,0.0112823333333333,299.5683333333333,-2.0305,-0.7393333333333333,0.0
2022-07-23 00:00:00,0.0,363.4048333333333,346.2968333333333,95163.9,0.0134214999999999,298.0,-2.8608333333333333,-0.4000000000000001,0.0
2022-07-23 01:00:00,0.0,363.4038333333333,204.673,95103.9,0.0130128333333333,295.8,-1.6000000000000003,-1.0305,0.0
2022-07-23 02:00:00,0.0,363.3733333333334,65.01299999999999,94976.95,0.0128913333333333,294.39000000000004,-4.191166666666667,-1.4695,0.0
2022-07-23 03:00:00,0.0,373.6701666666667,0.0,95163.9,0.0125305,293.5316666666667,-1.5783333333333331,6.217666666666667,0.0
2022-07-23 04:00:00,2.344436,373.65616666666665,0.0,95090.0,0.0134304999999999,293.3,-1.8,0.9,0.0006512322
2022-07-23 05:00:00,0.5449799,373.654,0.0,95076.95,0.0124999999999999,291.6,0.0231666666666666,0.5608333333333334,0.0001513833
2022-07-23 06:00:00,1.8294034,336.00216666666665,0.0,95096.95,0.0115,289.9,-0.0698333333333333,-0.8305000000000001,0.0005081676
2022-07-23 07:00:00,3.1058192,336.0,0.0,95183.9,0.0112305,289.5,1.152,-3.1911666666666663,0.0008627276
2022-07-23 08:00:00,0.0,336.0,0.0,95246.95,0.0113305,289.9,1.2606666666666666,-2.9913333333333334,0.0
2022-07-23 09:00:00,0.0,341.01483333333334,0.0,95246.95,0.0107303333333333,289.4,0.9,-1.9695,0.0
2022-07-23 10:00:00,2.3560915,341.01483333333334,0.0,95246.95,0.0107303333333333,288.5316666666667,2.060833333333333,-0.7393333333333333,0.0006544699
2022-07-23 11:00:00,0.5306885,341.01483333333334,0.0,95263.9,0.0101608333333333,288.23,2.039166666666667,-2.760666666666667,0.00014741348
2022-07-23 12:00:00,1.8156636,353.88000000000005,90.90016666666668,95266.95,0.0097,288.23,2.1,-2.9301666666666666,0.000504351
2022-07-23 13:00:00,0.0,353.94166666666666,197.1768333333333,95316.95,0.0100303333333333,288.70000000000005,1.0305,-2.3695,0.0
2022-07-23 14:00:00,0.0,353.94166666666666,300.82366666666667,95356.95,0.0102303333333333,288.86999999999995,2.339,1.2,0.0
2022-07-23 15:00:00,0.0,346.7675,477.4743333333333,95416.95,0.0109608333333333,291.0,2.9301666666666666,-2.9,0.0
2022-07-23 16:00:00,0.0,346.7716666666667,620.665,95406.95,0.0103519999999999,292.4,3.9,-4.3,0.0
2022-07-23 17:00:00,0.0,346.77250000000004,723.2064999999999,95436.95,0.0106606666666666,293.4683333333333,2.960833333333333,-4.408833333333333,0.0
2022-07-23 18:00:00,0.1,344.2453333333333,823.1591666666667,95453.9,0.0103911666666666,293.5,1.9301666666666664,-4.6000000000000005,2.7777778e-05
2022-07-23 19:00:00,0.1,344.2443333333334,835.6216666666666,95473.9,0.0102608333333333,293.73,3.3000000000000003,-5.0,2.7777778e-05
2022-07-23 20:00:00,0.1,344.2538333333334,815.1356666666667,95496.95,0.0100606666666666,294.0683333333333,4.930166666666668,-4.9695,2.7777778e-05
2022-07-23 21:00:00,0.0,365.808,675.0961666666667,95566.95,0.0100606666666666,292.86999999999995,4.691166666666667,-4.5305,0.0
2022-07-23 22:00:00,0.0,365.7975,571.3480000000001,95593.9,0.0099606666666666,293.1616666666667,3.3695,-6.2,0.0
2022-07-23 23:00:00,0.2,365.7815000000001,425.7023333333333,95603.9,0.0096305,292.1,3.269666666666667,-6.5,5.5555556e-05
2022-07-24 00:00:00,0.12314581,385.8306666666667,233.414,95636.95,0.0087303333333333,291.5683333333333,4.2,-4.0,3.420717e-05
2022-07-24 01:00:00,0.1,385.82383333333337,137.27,95666.95,0.0089911666666666,291.8,2.3000000000000003,-3.5698333333333334,2.7777778e-05
2022-07-24 02:00:00,0.0,385.82383333333337,42.46083333333333,95676.95,0.0097305,290.25333333333333,3.2000000000000006,-1.6610000000000005,0.0
2022-07-24 03:00:00,0.0,357.3448333333334,0.0,95746.95,0.0098304999999999,289.0316666666667,2.6,-1.1,0.0
2022-07-24 04:00:00,0.0,357.3448333333334,0.0,95756.95,0.0093303333333333,288.4683333333333,3.0,-1.6391666666666669,0.0
2022-07-24 05:00:00,0.0,357.33500000000004,0.0,95746.95,0.0093,286.7916666666667,2.6695000000000007,-2.0086666666666666,0.0
2022-07-24 06:00:00,0.0,313.6181666666667,0.0,95786.95,0.009,286.22166666666664,2.4,-1.7,0.0
2022-07-24 07:00:00,0.0,313.6181666666667,0.0,95796.95,0.0092,286.1,2.8000000000000003,-2.1,0.0
2022-07-24 08:00:00,0.0,313.60400000000004,0.0,95816.95,0.0087999999999999,285.4,2.7000000000000006,-0.8000000000000002,0.0
2022-07-24 09:00:00,0.0,291.8155,0.0,95843.9,0.0089305,285.70000000000005,3.1086666666666667,-1.9695,0.0
2022-07-24 10:00:00,0.0,291.8155,0.0,95876.95,0.0083305,284.4683333333333,2.5,-1.5,0.0
2022-07-24 11:00:00,0.0,291.8155,0.0,95916.95,0.0084,284.4,2.4088333333333334,-1.2696666666666667,0.0
2022-07-24 12:00:00,0.0,302.08933333333334,102.92933333333332,95963.9,0.0086,284.77000000000004,2.708833333333333,-1.7393333333333334,0.0
2022-07-24 13:00:00,0.0,302.1123333333333,226.0175,96046.95,0.0093303333333333,286.0,2.3000000000000003,-2.4,0.0
2022-07-24 14:00:00,0.0,302.1226666666667,346.02333333333337,96076.95,0.0096305,287.8,1.9,-3.0,0.0
2022-07-24 15:00:00,0.0,330.75533333333334,488.40883333333335,96106.95,0.0087303333333333,288.4,-0.5,-4.3,0.0
2022-07-24 16:00:00,0.0,330.75533333333334,635.4425,96133.9,0.0082305,290.70000000000005,0.661,-4.2,0.0
2022-07-24 17:00:00,0.0,330.7746666666667,740.7779999999999,96106.95,0.0086606666666666,290.9683333333333,0.1,-3.0,0.0
2022-07-24 18:00:00,0.0,368.2273333333333,692.8276666666667,96113.9,0.0088303333333333,291.4683333333333,-0.6,-3.2000000000000006,0.0
2022-07-24 19:00:00,0.0,368.2273333333333,703.3756666666668,96106.95,0.008391,291.4,-0.2303333333333333,-2.8000000000000003,0.0
2022-07-24 20:00:00,0.0,368.2273333333333,686.0928333333335,96106.95,0.0083609999999999,291.83,0.6,-2.560833333333333,0.0
2022-07-24 21:00:00,0.0,391.0808333333334,594.4335000000001,96100.0,0.0080913333333333,292.70000000000005,1.5,-1.6610000000000005,0.0
2022-07-24 22:00:00,0.0,391.0808333333334,502.7835,96056.95,0.0082608333333333,293.4683333333333,1.4,-1.4,0.0
2022-07-24 23:00:00,0.0,391.0808333333334,374.2466666666667,96050.0,0.0079913333333333,293.5683333333333,1.7911666666666666,-1.1609999999999998,0.0
2022-07-25 00:00:00,0.0,385.7143333333333,263.5656666666667,96026.95,0.0087608333333333,293.4,1.5,-1.5305,0.0
2022-07-25 01:00:00,0.0,385.7056666666667,154.1951666666667,95986.95,0.0086218333333333,292.9,-0.2,-1.6000000000000003,0.0
2022-07-25 02:00:00,0.0,385.69166666666666,46.351333333333336,95966.95,0.0093913333333333,291.09166666666664,-0.8695,0.4000000000000001,0.0
2022-07-25 03:00:00,0.0,346.8476666666666,0.0,95976.95,0.0094303333333333,288.4216666666667,0.2696666666666666,1.8608333333333336,0.0
2022-07-25 04:00:00,0.0,346.8301666666666,0.0,95986.95,0.0092305,287.22166666666664,0.6695000000000001,1.8,0.0
2022-07-25 05:00:00,0.0,346.8301666666666,0.0,95996.95,0.0088303333333333,286.12166666666667,0.5698333333333333,3.1,0.0
2022-07-25 06:00:00,0.0,300.25983333333335,0.0,95966.95,0.0083305,285.5216666666667,1.1695,3.0698333333333334,0.0
2022-07-25 07:00:00,0.0,300.259,0.0,95946.95,0.0081303333333333,285.19166666666666,0.9,3.7783333333333338,0.0
2022-07-25 08:00:00,0.0,300.259,0.0,95896.95,0.0081999999999999,284.6616666666667,0.4000000000000001,3.4695,0.0
2022-07-25 09:00:00,0.0,292.86000000000007,0.0,95863.9,0.008,284.9916666666666,1.4,3.4695,0.0
2022-07-25 10:00:00,0.0,292.86000000000007,0.0,95830.0,0.0086303333333333,285.7616666666667,0.6,2.8000000000000003,0.0
2022-07-25 11:00:00,0.0,292.86000000000007,0.0,95806.95,0.0087,285.56166666666667,1.6000000000000003,2.9,0.0
2022-07-25 12:00:00,0.0,308.9205,100.7845,95766.95,0.0092305,286.5,1.1086666666666665,3.4,0.0
2022-07-25 13:00:00,0.0,308.93350000000004,224.0665,95746.95,0.0098911666666666,288.9316666666667,1.4391666666666667,2.839,0.0
2022-07-25 14:00:00,0.0,308.97650000000004,344.29316666666665,95720.0,0.0105608333333333,291.0316666666667,2.7000000000000006,3.939166666666667,0.0
2022-07-25 15:00:00,0.0,351.8591666666667,470.916,95676.95,0.0108608333333333,292.8,2.4,3.6,0.0
2022-07-25 16:00:00,0.0,351.8715,613.2298333333333,95636.95,0.0110304999999999,293.5,2.6911666666666663,4.430166666666668,0.0
2022-07-25 17:00:00,0.0,351.89699999999993,715.2443333333334,95586.95,0.0114913333333333,295.20000000000005,2.5,5.408833333333334,0.0
2022-07-25 18:00:00,0.0,370.8135,809.076,95583.9,0.0118909999999999,296.4,2.9,4.4695,0.0
2022-07-25 19:00:00,0.0,370.8181666666667,821.4923333333332,95536.95,0.0116825,296.20000000000005,3.9695,3.8,0.0
2022-07-25 20:00:00,0.0,370.8181666666667,801.2218333333334,95496.95,0.0121521666666666,295.0316666666667,4.3,3.9301666666666666,0.0
2022-07-25 21:00:00,0.0,372.24050000000005,779.334,95426.95,0.0124911666666666,295.2616666666667,3.0086666666666666,2.4,0.0
2022-07-25 22:00:00,0.0,372.24050000000005,658.7688333333334,95396.95,0.0132214999999999,296.3383333333333,4.3,3.5175000000000005,0.0
2022-07-25 23:00:00,0.0,372.242,489.8758333333333,95336.95,0.0141999999999999,294.80833333333334,0.9391666666666666,2.7303333333333337,0.0
2022-07-26 00:00:00,0.1,373.6786666666667,322.8308333333334,95296.95,0.0139214999999999,294.5,-0.1,1.2696666666666667,2.7777778e-05
2022-07-26 01:00:00,0.0,373.6576666666666,187.81783333333337,95233.9,0.0146305,294.4916666666666,1.1695,0.4695,0.0
2022-07-26 02:00:00,0.22392729,373.63883333333337,54.721833333333336,95260.0,0.0131304999999999,292.19166666666666,2.0,-2.269666666666667,6.220202e-05
2022-07-26 03:00:00,0.6,375.997,0.0,95350.0,0.0130608333333333,292.3,1.0911666666666666,-2.478333333333333,0.00016666668
2022-07-26 04:00:00,0.0,375.9881666666667,0.0,95306.95,0.0121999999999999,290.5316666666667,0.1,-1.1305000000000005,0.0
2022-07-26 05:00:00,0.0,375.9708333333333,0.0,95326.95,0.0113305,289.9,2.5216666666666665,-4.7,0.0
2022-07-26 06:00:00,0.0,371.04316666666665,0.0,95336.95,0.0102608333333333,287.73,0.5,-2.8305,0.0
2022-07-26 07:00:00,0.0,371.03966666666673,0.0,95333.9,0.0099606666666666,286.83,3.0698333333333334,-2.2,0.0
2022-07-26 08:00:00,0.3,371.0291666666667,0.0,95336.95,0.0096305,286.46,3.1,-3.0698333333333334,8.333334e-05
2022-07-26 09:00:00,0.6,329.9766666666667,0.0,95366.95,0.0096305,286.70000000000005,1.5391666666666668,-1.0,0.00016666668
2022-07-26 10:00:00,0.0,329.9593333333333,0.0,95376.95,0.0095,286.5,2.3000000000000003,-0.2,0.0
2022-07-26 11:00:00,0.0,329.9593333333333,0.0,95396.95,0.0093695,286.3,2.3000000000000003,0.0073333333333333,0.0
2022-07-26 12:00:00,0.0,311.916,98.25816666666668,95426.95,0.0095303333333333,286.9316666666667,3.1305,0.2088333333333333,0.0
2022-07-26 13:00:00,0.0,311.9191666666667,221.38183333333333,95446.95,0.0100606666666666,288.20000000000005,3.8,-2.6,0.0
2022-07-26 14:00:00,0.0,311.94,341.4465,95466.95,0.010491,289.4316666666667,3.4695,-2.3000000000000003,0.0
2022-07-26 15:00:00,0.0,330.958,473.375,95466.95,0.0104609999999999,291.0316666666667,3.6,-2.6695000000000007,0.0
2022-07-26 16:00:00,0.0,330.958,617.0008333333334,95466.95,0.010491,292.70000000000005,3.1,-2.7303333333333337,0.0
2022-07-26 17:00:00,0.0,330.9676666666667,719.9905,95463.9,0.0106606666666666,293.1,4.569833333333333,-2.6478333333333333,0.0
2022-07-26 18:00:00,0.0,354.18416666666667,755.7898333333333,95466.95,0.0095913333333333,293.9683333333333,5.5,-2.4,0.0
2022-07-26 19:00:00,0.054655667,354.18416666666667,767.4228333333334,95476.95,0.0095825,294.5683333333333,4.8,-1.3390000000000002,1.518213e-05
2022-07-26 20:00:00,0.0,354.18416666666667,748.4123333333333,95430.0,0.0092521666666666,295.5,5.2,-1.6000000000000003,0.0
2022-07-26 21:00:00,0.0,383.4888333333333,522.2151666666667,95370.0,0.0077608333333333,295.0,5.6695,-3.0698333333333334,0.0
2022-07-26 22:00:00,0.0,383.4723333333333,441.1605,95343.9,0.009061,295.17,4.930166666666668,-2.3695,0.0
2022-07-26 23:00:00,0.2,383.4723333333333,327.6598333333333,95386.95,0.0079606666666666,293.0683333333333,6.308833333333335,-6.060833333333332,5.5555556e-05
2022-07-27 00:00:00,0.2,369.9498333333333,228.2935,95450.0,0.0095303333333333,289.4,3.952,-1.3,5.5555556e-05
2022-07-27 01:00:00,0.3,369.9245,132.06333333333336,95356.95,0.0085304999999999,289.27000000000004,6.730333333333334,-0.161,8.333334e-05
2022-07-27 02:00:00,0.6,369.9095,37.173,95356.95,0.0084,288.89000000000004,2.5698333333333334,-0.0305,0.00016666668
2022-07-27 03:00:00,0.1,333.69533333333334,0.0,95356.95,0.0082694999999999,286.59166666666664,3.2000000000000006,-1.3,2.7777778e-05
2022-07-27 04:00:00,0.0,333.69533333333334,0.0,95376.95,0.0076999999999999,285.7616666666667,3.208833333333333,0.3,0.0
2022-07-27 05:00:00,0.0,333.67516666666666,0.0,95386.95,0.0080696666666666,285.4216666666667,4.1,0.1,0.0
2022-07-27 06:00:00,0.0,331.1658333333333,0.0,95396.95,0.0081999999999999,284.96,3.6,0.7393333333333333,0.0
2022-07-27 07:00:00,0.0,331.1571666666667,0.0,95380.0,0.0083,284.69166666666666,3.708833333333333,0.2,0.0
2022-07-27 08:00:00,0.5860121,331.1571666666667,0.0,95350.0,0.0084999999999999,285.13000000000005,3.4,-0.4000000000000001,0.00016278114
2022-07-27 09:00:00,0.1,329.9985,0.0,95386.95,0.0084,285.0316666666667,3.9,-0.5698333333333333,2.7777778e-05
2022-07-27 10:00:00,0.0,329.9985,0.0,95396.95,0.0082694999999999,284.7616666666667,3.739333333333333,-0.5,0.0
2022-07-27 11:00:00,0.0,329.9988333333334,0.0,95406.95,0.0078999999999999,284.23,3.769666666666667,-0.3,0.0
2022-07-27 12:00:00,0.0,342.34200000000004,82.378,95446.95,0.0081999999999999,284.6,4.769666666666667,-0.5,0.0
2022-07-27 13:00:00,0.0,342.3508333333334,188.20283333333336,95466.95,0.0084305,285.70000000000005,5.0,-1.0308333333333335,0.0
2022-07-27 14:00:00,0.0,342.37000000000006,291.419,95466.95,0.0088608333333333,287.6,5.0,-3.4,0.0
2022-07-27 15:00:00,0.0,355.0906666666667,413.84,95486.95,0.0090304999999999,288.6,5.3,-3.2000000000000006,0.0
2022-07-27 16:00:00,0.0,355.0916666666667,539.8908333333333,95506.95,0.009061,290.36999999999995,4.5,-6.039166666666667,0.0
2022-07-27 17:00:00,0.0,355.0916666666667,630.3353333333333,95536.95,0.009091,291.3,4.0305,-6.708833333333334,0.0
2022-07-27 18:00:00,0.0,374.9028333333334,582.7306666666667,95560.0,0.0093606666666666,290.9316666666667,4.7,-5.139166666666667,0.0
2022-07-27 19:00:00,0.0,374.897,591.7080000000001,95556.95,0.0092215,291.70000000000005,4.1,-6.2,0.0
2022-07-27 20:00:00,0.0,374.897,576.9913333333333,95573.9,0.0088608333333333,292.4,2.8305,-6.769666666666666,0.0
2022-07-27 21:00:00,0.0,355.4405,569.589,95626.95,0.0084911666666666,292.23,2.1,-6.8,0.0
2022-07-27 22:00:00,0.0,355.4405,480.8836666666666,95646.95,0.0081608333333333,292.86999999999995,4.1,-7.3,0.0
2022-07-27 23:00:00,0.0,355.4405,356.7963333333334,95676.95,0.0082608333333333,292.1,3.4,-5.6000000000000005,0.0
2022-07-28 00:00:00,0.0,352.67366666666675,279.1393333333333,95686.95,0.0085606666666666,292.3,4.0,-4.1,0.0
2022-07-28 01:00:00,0.0,352.6458333333333,160.4775,95726.95,0.0085606666666666,291.20000000000005,2.6,-3.5305,0.0
2022-07-28 02:00:00,0.0,352.6275,43.48716666666667,95763.9,0.0092305,289.5216666666667,1.4695,-2.0086666666666666,0.0
2022-07-28 03:00:00,0.0,330.7238333333333,0.0,95826.95,0.0086,287.62166666666667,1.5783333333333331,-3.1,0.0
2022-07-28 04:00:00,0.0,330.7238333333333,0.0,95826.95,0.009,287.3616666666667,3.769666666666667,-3.2000000000000006,0.0
2022-07-28 05:00:00,0.0,330.7135,0.0,95856.95,0.0089,287.09166666666664,1.8,-3.5,0.0
2022-07-28 06:00:00,0.0,310.25066666666663,0.0,95886.95,0.0087303333333333,285.9316666666667,2.9,-2.3000000000000003,0.0
2022-07-28 07:00:00,0.0,310.25066666666663,0.0,95906.95,0.0081303333333333,284.3616666666667,2.4,-1.3695000000000002,0.0
2022-07-28 08:00:00,0.0,310.2461666666666,0.0,95906.95,0.0079303333333333,283.7916666666667,2.6,-0.4000000000000001,0.0
2022-07-28 09:00:00,0.0,301.42716666666666,0.0,95926.95,0.0078304999999999,283.8,3.5305,-0.7911666666666667,0.0
2022-07-28 10:00:00,0.0,301.42716666666666,0.0,95936.95,0.0079303333333333,283.9683333333333,3.1,-1.0,0.0
2022-07-28 11:00:00,0.0,301.42716666666666,0.0,95996.95,0.0083,284.4,3.4088333333333334,-1.7,0.0
2022-07-28 12:00:00,0.0,298.0261666666667,95.04716666666668,96006.95,0.0081999999999999,284.5,3.269666666666667,-1.9,0.0
2022-07-28 13:00:00,0.0,298.05716666666666,220.33066666666664,96043.9,0.0088303333333333,286.0,3.5,-1.5,0.0
2022-07-28 14:00:00,0.0,298.08633333333336,342.5323333333333,96063.9,0.0091608333333333,288.4,3.6,-3.6305,0.0
2022-07-28 15:00:00,0.0,329.2608333333333,477.2265,96076.95,0.0092606666666666,290.0,2.9,-3.839,0.0
2022-07-28 16:00:00,0.0,329.2906666666667,623.1741666666668,96086.95,0.0092606666666666,291.70000000000005,3.2000000000000006,-4.5,0.0
2022-07-28 17:00:00,0.0,329.2906666666667,727.9744999999999,96096.95,0.0088608333333333,292.77000000000004,2.8190000000000004,-5.008666666666668,0.0
2022-07-28 18:00:00,0.0,375.386,686.8753333333334,96086.95,0.0085911666666666,293.5683333333333,2.2303333333333337,-4.6000000000000005,0.0
2022-07-28 19:00:00,0.0,375.386,697.4683333333332,96083.9,0.0087521666666666,294.17,1.8,-4.1695,0.0
2022-07-28 20:00:00,0.0,375.386,680.0246666666667,96056.95,0.0091215,294.9683333333333,2.039166666666667,-4.5,0.0
2022-07-28 21:00:00,0.0,382.33633333333336,653.9061666666666,96046.95,0.0089911666666666,294.5,2.6,-3.4301666666666666,0.0
2022-07-28 22:00:00,0.0,382.33633333333336,551.7520000000001,96046.95,0.0085606666666666,294.70000000000005,1.6695,-5.108666666666667,0.0
2022-07-28 23:00:00,0.0,382.337,408.9013333333333,95996.95,0.0086913333333333,294.9683333333333,2.6,-4.1,0.0
2022-07-29 00:00:00,0.0,364.81866666666673,288.32766666666663,95996.95,0.008391,295.3,1.2,-3.1086666666666667,0.0
2022-07-29 01:00:00,0.0,364.8163333333334,164.72916666666666,95976.95,0.009791,294.0316666666667,1.1,-1.7393333333333334,0.0
2022-07-29 02:00:00,0.0,364.76866666666666,42.84966666666667,95956.95,0.0100303333333333,291.69166666666666,2.1,-0.2,0.0
2022-07-29 03:00:00,0.0,317.6698333333334,0.0,95996.95,0.0094303333333333,289.0516666666667,2.4088333333333334,0.2,0.0
2022-07-29 04:00:00,0.0,317.6698333333334,0.0,96016.95,0.0094303333333333,287.5216666666667,3.3695,1.3088333333333333,0.0
2022-07-29 05:00:00,0.0,317.6698333333334,0.0,96003.9,0.0088698333333333,287.4916666666666,1.9,0.6391666666666667,0.0
2022-07-29 06:00:00,0.0,294.1155,0.0,96026.95,0.0083305,285.72166666666664,1.6695,1.0,0.0
2022-07-29 07:00:00,0.0,294.1155,0.0,96016.95,0.0082393333333333,284.3233333333333,2.6695000000000007,2.1695,0.0
2022-07-29 08:00:00,0.0,294.1155,0.0,96016.95,0.0077999999999999,283.89000000000004,1.5698333333333334,1.7,0.0
2022-07-29 09:00:00,0.0,290.014,0.0,95996.95,0.0076999999999999,283.9916666666666,1.2,1.6000000000000003,0.0
2022-07-29 10:00:00,0.0,290.014,0.0,95976.95,0.0077999999999999,284.0316666666667,2.1695,1.3088333333333333,0.0
2022-07-29 11:00:00,0.0,290.00066666666663,0.0,96013.9,0.0077694999999999,283.73,2.3088333333333333,1.1086666666666665,0.0
2022-07-29 12:00:00,0.0,301.9745,93.07483333333334,96006.95,0.0081999999999999,284.4,1.5,2.2,0.0
2022-07-29 13:00:00,0.0,302.0,219.0723333333333,95996.95,0.009061,287.20000000000005,0.3305,1.4391666666666667,0.0
2022-07-29 14:00:00,0.0,302.0,341.9985,95996.95,0.0095913333333333,290.8,2.4,1.5,0.0
2022-07-29 15:00:00,0.0,340.05583333333334,483.0295,95943.9,0.0099911666666666,292.70000000000005,2.1785,2.6,0.0
2022-07-29 16:00:00,0.0,340.08383333333336,631.3458333333333,95913.9,0.0104609999999999,294.4316666666667,3.0,2.539166666666667,0.0
2022-07-29 17:00:00,0.0,340.0971666666667,737.9045,95916.95,0.0102913333333333,295.70000000000005,2.5,2.5911666666666666,0.0
2022-07-29 18:00:00,0.0,358.4423333333333,819.9811666666668,95856.95,0.0093218333333333,296.67,2.6,2.4,0.0
2022-07-29 19:00:00,0.0,358.44883333333337,832.7618333333334,95843.9,0.0099825,297.20000000000005,3.4088333333333334,1.1,0.0
2022-07-29 20:00:00,0.0,358.44883333333337,811.8241666666667,95813.9,0.0094218333333333,297.9,3.4,1.2911666666666666,0.0
2022-07-29 21:00:00,0.1,359.8141666666667,792.2365,95766.95,0.0105214999999999,298.5,2.939166666666667,1.7,2.7777778e-05
2022-07-29 22:00:00,0.0,359.8141666666667,668.0006666666667,95726.95,0.0104215,298.9,2.8000000000000003,2.8000000000000003,0.0
2022-07-29 23:00:00,0.0,359.8141666666667,494.43133333333327,95686.95,0.0101218333333333,298.9,2.6086666666666667,3.0,0.0
2022-07-30 00:00:00,0.0,344.1021666666666,332.2185,95653.9,0.0109216666666666,298.70000000000005,1.6610000000000005,1.839,0.0
2022-07-30 01:00:00,0.0,344.08533333333327,188.5183333333333,95606.95,0.0116128333333333,298.0316666666667,0.7000000000000001,2.0086666666666666,0.0
2022-07-30 02:00:00,0.0,344.0596666666666,46.796833333333325,95566.95,0.0129,295.2916666666667,-1.4,1.0086666666666666,0.0
2022-07-30 03:00:00,0.0,321.6496666666667,0.0,95576.95,0.0112695,292.5516666666667,-2.1695,0.9695,0.0
2022-07-30 04:00:00,0.0,321.646,0.0,95576.95,0.0106,290.95166666666665,-1.2,1.4088333333333332,0.0
2022-07-30 05:00:00,0.0,321.64166666666665,0.0,95566.95,0.0095,289.9916666666666,-1.4895000000000005,2.6391666666666667,0.0
2022-07-30 06:00:00,0.0,314.0305,0.0,95556.95,0.0093,288.2916666666667,-1.9216666666666669,4.278333333333333,0.0
2022-07-30 07:00:00,0.0,314.0305,0.0,95516.95,0.0092,287.65333333333336,-1.9,3.608666666666666,0.0
2022-07-30 08:00:00,0.0,314.0305,0.0,95506.95,0.0095,288.15333333333336,-1.1086666666666665,3.239333333333333,0.0
2022-07-30 09:00:00,0.0,307.40000000000003,0.0,95466.95,0.0091305,287.95166666666665,0.7303333333333333,3.1391666666666667,0.0
2022-07-30 10:00:00,0.0,307.40000000000003,0.0,95446.95,0.009,287.95166666666665,1.7303333333333333,3.5086666666666666,0.0
2022-07-30 11:00:00,0.0,307.40000000000003,0.0,95456.95,0.0089305,287.62166666666667,1.5,2.508666666666667,0.0
2022-07-30 12:00:00,0.0,319.8396666666667,89.57483333333334,95446.95,0.0094608333333333,288.56166666666667,0.8305000000000001,4.239333333333334,0.0
2022-07-30 13:00:00,0.0,319.8541666666667,214.2418333333333,95436.95,0.0112911666666666,291.67,1.2,4.439166666666667,0.0
2022-07-30 14:00:00,0.0,319.863,335.8761666666667,95426.95,0.0117216666666666,294.2616666666667,3.6,4.239333333333334,0.0
2022-07-30 15:00:00,0.0,364.28399999999993,476.118,95386.95,0.0123913333333333,296.20000000000005,4.2,3.0,0.0
2022-07-30 16:00:00,0.0,364.29333333333335,622.9293333333334,95396.95,0.0125519999999999,297.83,2.1,2.0,0.0
2022-07-30 17:00:00,0.0,364.3181666666667,728.4005000000001,95353.9,0.0133215,299.23,1.1,1.6305000000000005,0.0
2022-07-30 18:00:00,0.0,388.5895,806.9908333333333,95323.9,0.013261,300.9683333333333,0.1,2.5,0.0
2022-07-30 19:00:00,0.0,388.6125,819.5796666666666,95306.95,0.0132824999999999,302.3,-0.5698333333333333,2.839,0.0
2022-07-30 20:00:00,0.0,388.614,798.8588333333333,95266.95,0.0127129999999999,303.0316666666667,0.0,3.639166666666666,0.0
2022-07-30 21:00:00,0.0,395.6556666666667,710.6953333333335,95240.0,0.0129608333333333,303.3,3.9,3.8695,0.0
2022-07-30 22:00:00,0.0,395.6556666666667,598.8331666666667,95196.95,0.0144216666666666,303.3,3.5,3.4301666666666666,0.0
2022-07-30 23:00:00,0.0,395.6556666666667,442.6453333333334,95156.95,0.0135823333333333,302.6,2.141666666666667,2.6785,0.0
2022-07-31 00:00:00,0.0,398.8331666666666,252.50266666666667,95113.9,0.0143521666666666,300.7616666666667,-0.2,3.1695000000000007,0.0
2022-07-31 01:00:00,0.0,398.8,142.24983333333333,95096.95,0.0147911666666666,299.83,-0.5493333333333333,2.6695000000000007,0.0
2022-07-31 02:00:00,0.0,398.8,33.528666666666666,95056.95,0.0145305,296.72166666666664,-1.8,1.6105,0.0
2022-07-31 03:00:00,0.0,379.5776666666666,0.0,95010.0,0.0146,295.7616666666667,-1.6000000000000003,3.5391666666666666,0.0
2022-07-31 04:00:00,0.0,379.5776666666666,0.0,95066.95,0.0134304999999999,295.20000000000005,1.2303333333333333,0.5391666666666667,0.0
2022-07-31 05:00:00,0.0,379.5606666666667,0.0,95116.95,0.0131304999999999,293.23,2.3000000000000003,-0.9391666666666666,0.0
2022-07-31 06:00:00,0.0,344.1513333333334,0.0,95093.9,0.0123303333333333,292.86999999999995,-1.7696666666666667,-1.1609999999999998,0.0
2022-07-31 07:00:00,0.10839846,344.1513333333334,0.0,95036.95,0.0117,290.9916666666666,1.1305000000000005,-3.7000000000000006,3.0110683e-05
2022-07-31 08:00:00,0.0,344.1203333333333,0.0,94986.95,0.0123303333333333,291.93833333333333,2.161,-1.3088333333333333,0.0
2022-07-31 09:00:00,0.0,330.99,0.0,94980.0,0.0124,291.63000000000005,0.1,0.4000000000000001,0.0
2022-07-31 10:00:00,0.0,330.97683333333333,0.0,95016.95,0.0122303333333333,291.3,2.6305,-2.2783333333333333,0.0
2022-07-31 11:00:00,0.0,330.963,0.0,95056.95,0.0118304999999999,290.36999999999995,2.060833333333333,-4.708833333333334,0.0
2022-07-31 12:00:00,0.0,339.3625,83.29199999999999,95113.9,0.0122303333333333,291.0,3.1,-3.0,0.0
2022-07-31 13:00:00,0.12612812,339.37100000000004,202.6083333333333,95166.95,0.0123303333333333,290.4316666666667,2.9,-3.9,3.5035588e-05
2022-07-31 14:00:00,1.1400868,339.4141666666667,319.045,95243.9,0.0121303333333333,290.5,1.9,-4.708833333333334,0.00031669077
2022-07-31 15:00:00,0.58757764,403.3768333333334,252.092,95296.95,0.0117305,290.6,1.9,-5.900000000000001,0.00016321601
2022-07-31 16:00:00,0.1,403.3768333333334,330.14400000000006,95406.95,0.0114303333333333,290.33,1.9391666666666667,-5.460833333333333,2.7777778e-05
2022-07-31 17:00:00,0.1,403.3768333333334,386.2715,95456.95,0.0111609999999999,291.1383333333334,2.6,-7.2,2.7777778e-05
2022-07-31 18:00:00,0.2,404.31183333333337,356.2256666666667,95506.95,0.0110911666666666,291.5316666666667,2.6,-5.900000000000001,5.5555556e-05
2022-07-31 19:00:00,0.1,404.31183333333337,361.77883333333335,95526.95,0.0112215,292.20000000000005,1.0,-6.8305,2.7777778e-05
2022-07-31 20:00:00,0.1,404.31183333333337,352.576,95526.95,0.0110608333333333,293.5,1.2,-5.8,2.7777778e-05
2022-07-31 21:00:00,0.1,388.2953333333333,499.6878333333334,95556.95,0.0110911666666666,294.36999999999995,3.0,-5.1000000000000005,2.7777778e-05
2022-07-31 22:00:00,0.0,388.2953333333333,420.7553333333333,95566.95,0.0111609999999999,293.83,3.060833333333333,-5.069833333333333,0.0
2022-07-31 23:00:00,0.0,388.2936666666666,310.61216666666667,95586.95,0.0109303333333333,293.4316666666667,2.0,-4.7,0.0
2022-08-01 00:00:00,0.0,332.657,258.629,95566.95,0.0108608333333333,293.5,1.4695,-4.1,0.0
2022-08-01 01:00:00,0.0,332.64933333333335,147.357,95536.95,0.0110911666666666,293.36999999999995,0.7303333333333333,-2.7000000000000006,0.0
2022-08-01 02:00:00,0.0,332.62833333333333,32.805,95536.95,0.0113606666666666,291.96,0.2606666666666666,0.0,0.0
2022-08-01 03:00:00,0.0,313.5411666666667,0.0,95556.95,0.0107303333333333,288.96,2.2,0.6,0.0
2022-08-01 04:00:00,0.0,313.5411666666667,0.0,95556.95,0.0106694999999999,287.89000000000004,1.2,2.0,0.0
2022-08-01 05:00:00,0.0,313.5411666666667,0.0,95516.95,0.0099695,286.9916666666666,0.2,1.9695,0.0
2022-08-01 06:00:00,0.0,314.859,0.0,95506.95,0.0095698333333333,286.2916666666667,0.9,2.239333333333333,0.0
2022-08-01 07:00:00,0.0,314.859,0.0,95476.95,0.0093,286.06166666666667,0.3913333333333333,1.6695,0.0
2022-08-01 08:00:00,0.0,314.859,0.0,95480.0,0.01,287.09166666666664,-0.2606666666666666,2.1,0.0
2022-08-01 09:00:00,0.0,323.3005,0.0,95466.95,0.0104,287.77000000000004,-0.1216666666666666,2.6,0.0
2022-08-01 10:00:00,0.0,323.3005,0.0,95440.0,0.0107999999999999,288.6,-0.3088333333333333,0.5086666666666666,0.0
2022-08-01 11:00:00,0.0,323.3005,0.0,95516.95,0.0110999999999999,288.67,4.139166666666667,3.5480000000000005,0.0
2022-08-01 12:00:00,0.0,348.1846666666667,81.33516666666667,95436.95,0.0113305,288.9,1.6000000000000003,3.2303333333333337,0.0
2022-08-01 13:00:00,0.0,348.1846666666667,201.4473333333333,95473.9,0.0117,290.0,3.0698333333333334,1.608666666666667,0.0
2022-08-01 14:00:00,0.0,348.1898333333333,319.8575,95443.9,0.0123608333333333,291.4316666666667,1.8,0.5305000000000001,0.0
2022-08-01 15:00:00,0.1,382.7095,423.6408333333334,95386.95,0.0124608333333333,292.17,2.039166666666667,-0.5608333333333334,2.7777778e-05
2022-08-01 16:00:00,0.030410906,382.712,542.6953333333333,95406.95,0.0130303333333333,293.17,3.0391666666666666,1.6216666666666668,8.447474e-06
2022-08-01 17:00:00,0.0,382.7441666666667,634.1868333333333,95436.95,0.0132305,293.20000000000005,2.8000000000000003,0.1,0.0
2022-08-01 18:00:00,0.0,402.3115,614.0985,95446.95,0.013261,293.23,-1.4871666666666667,-2.9825000000000004,0.0
2022-08-01 19:00:00,0.0,402.3115,620.47,95416.95,0.0136608333333333,293.63000000000005,0.6613333333333334,1.7303333333333333,0.0
2022-08-01 20:00:00,0.0,402.3115,597.705,95386.95,0.0134911666666666,296.23,-1.3,0.1695,0.0
2022-08-01 21:00:00,0.0,391.88616666666667,531.06,95343.9,0.0127911666666666,296.6616666666667,-1.3,0.4608333333333334,0.0
2022-08-01 22:00:00,0.0,391.8723333333333,441.8823333333333,95323.9,0.0129608333333333,296.23,-3.1695000000000007,-0.7216666666666667,0.0
2022-08-01 23:00:00,0.3,391.8586666666667,332.34700000000004,95316.95,0.0130303333333333,295.4,-3.769666666666667,-2.3000000000000003,8.333334e-05
2022-08-02 00:00:00,0.4,359.1656666666667,246.6961666666667,95313.9,0.0137608333333333,294.2616666666667,-5.400000000000001,-1.3681666666666663,0.00011111111
2022-08-02 01:00:00,0.0,359.1406666666667,139.42033333333336,95286.95,0.0133608333333333,293.5316666666667,-5.2,-0.7000000000000001,0.0
2022-08-02 02:00:00,0.0,359.1261666666667,29.081833333333336,95246.95,0.0122303333333333,291.73,-4.0,-1.0698333333333334,0.0
2022-08-02 03:00:00,0.0,339.68800000000005,0.0,95263.9,0.0121999999999999,290.70000000000005,-4.0698333333333325,-0.4913333333333334,0.0
2022-08-02 04:00:00,0.0,339.68800000000005,0.0,95236.95,0.012,290.4,-3.9,-0.5,0.0
2022-08-02 05:00:00,0.0,339.68800000000005,0.0,95196.95,0.0118999999999999,290.1,-4.0,-0.2,0.0
2022-08-02 06:00:00,0.0,332.7981666666667,0.0,95156.95,0.0118304999999999,289.9316666666667,-4.0305,1.0698333333333334,0.0
2022-08-02 07:00:00,0.0,332.79716666666667,0.0,95066.95,0.0119304999999999,290.3,-5.2,1.2696666666666667,0.0
2022-08-02 08:00:00,0.0,332.79716666666667,0.0,94966.95,0.0118,290.0683333333333,-5.0,1.7,0.0
2022-08-02 09:00:00,0.0,326.0673333333333,0.0,94916.95,0.0116608333333333,289.5,-4.7,1.2696666666666667,0.0
2022-08-02 10:00:00,0.0,326.0673333333333,0.0,94813.9,0.0113911666666666,289.1,-5.308833333333334,0.5,0.0
2022-08-02 11:00:00,0.0,326.0596666666667,0.0,94796.95,0.0115303333333333,289.06166666666667,-4.460833333333333,2.3088333333333333,0.0
2022-08-02 12:00:00,0.0,344.11516666666665,68.8245,94683.9,0.0119304999999999,289.63000000000005,-4.539166666666667,1.1,0.0
2022-08-02 13:00:00,0.0,344.1205,173.70433333333335,94676.95,0.0119608333333333,289.96,-2.269666666666667,2.0086666666666666,0.0
2022-08-02 14:00:00,0.0,344.1563333333333,277.11116666666663,94553.9,0.0129913333333333,291.70000000000005,-1.4391666666666667,1.5,0.0
2022-08-02 15:00:00,0.0,384.1071666666666,383.03983333333343,94403.9,0.0126608333333333,292.86999999999995,-0.161,3.1478333333333333,0.0
2022-08-02 16:00:00,0.0,384.1415,491.2171666666666,94306.95,0.0136608333333333,294.4316666666667,0.3608333333333333,4.508666666666667,0.0
2022-08-02 17:00:00,0.0,384.154,574.3481666666667,94166.95,0.0148911666666666,296.70000000000005,0.7393333333333333,4.9,0.0
2022-08-02 18:00:00,0.0,402.3383333333333,755.0859999999999,94153.9,0.0155911666666666,299.6,3.5698333333333334,1.4695,0.0
2022-08-02 19:00:00,0.0,402.3383333333333,763.0480000000001,94190.0,0.0166216666666666,300.0,5.430166666666668,5.930166666666668,0.0
2022-08-02 20:00:00,0.0,402.3421666666666,735.0828333333333,94166.95,0.0175823333333333,300.4,5.6695,4.6000000000000005,0.0
2022-08-02 21:00:00,0.0,389.4065,681.9014999999999,94136.95,0.0174433333333333,301.3,7.139166666666667,0.6,0.0
2022-08-02 22:00:00,0.0,389.3825,566.8085,94170.0,0.013752,300.77000000000004,6.7,-1.7,0.0
2022-08-02 23:00:00,0.0,389.37016666666665,425.6378333333334,94226.95,0.0129218333333333,300.0316666666667,7.3,-0.339,0.0
2022-08-03 00:00:00,0.0,346.68,252.618,94276.95,0.0127911666666666,298.56166666666667,7.8305,-0.6,0.0
2022-08-03 01:00:00,0.0,346.64050000000003,141.59616666666668,94326.95,0.0117519999999999,297.0316666666667,5.6305000000000005,0.4695,0.0
2022-08-03 02:00:00,0.0,346.58466666666664,27.43233333333333,94363.9,0.0124608333333333,294.4216666666667,4.060833333333333,-0.6741666666666667,0.0
2022-08-03 03:00:00,0.0,313.01866666666666,0.0,94400.0,0.011,293.2916666666667,4.8695,-0.3,0.0
2022-08-03 04:00:00,0.0,313.015,0.0,94426.95,0.0110999999999999,292.4316666666667,5.430166666666668,-2.1086666666666667,0.0
2022-08-03 05:00:00,0.0,313.00550000000004,0.0,94470.0,0.0104,291.5316666666667,7.139166666666667,-2.7000000000000006,0.0
2022-08-03 06:00:00,0.0,308.08733333333333,0.0,94556.95,0.0098304999999999,290.5316666666667,9.039166666666668,-6.739333333333334,0.0
2022-08-03 07:00:00,0.0,308.0691666666667,0.0,94656.95,0.0092305,288.63000000000005,8.4695,-5.808833333333335,0.0
2022-08-03 08:00:00,0.0,308.0691666666667,0.0,94776.95,0.0084305,287.8,7.0,-6.5,0.0
2022-08-03 09:00:00,0.0,336.0073333333333,0.0,94866.95,0.0084305,287.5,5.730333333333334,-6.539166666666667,0.0
2022-08-03 10:00:00,0.0,335.999,0.0,94946.95,0.0084999999999999,288.17,4.6000000000000005,-6.439166666666668,0.0
2022-08-03 11:00:00,0.0,335.999,0.0,95066.95,0.0083305,287.8,3.3000000000000003,-6.3,0.0
2022-08-03 12:00:00,0.0,361.2455,65.19183333333335,95176.95,0.0082305,286.20000000000005,3.2000000000000006,-4.0,0.0
2022-08-03 13:00:00,0.0,361.2671666666667,167.83283333333335,95296.95,0.0087303333333333,286.9,3.7000000000000006,-4.6000000000000005,0.0
2022-08-03 14:00:00,0.0,361.2803333333333,269.0078333333334,95366.95,0.0087608333333333,288.0,3.6,-3.9,0.0
2022-08-03 15:00:00,0.0,367.033,401.4058333333333,95446.95,0.0088303333333333,289.1383333333334,3.6,-3.9,0.0
2022-08-03 16:00:00,0.0,367.03316666666666,515.2176666666667,95486.95,0.0090304999999999,290.0683333333333,3.669166666666667,-3.3000000000000003,0.0
2022-08-03 17:00:00,0.0,367.0416666666667,602.6954999999999,95556.95,0.0091911666666666,290.70000000000005,2.4,-2.269666666666667,0.0
2022-08-03 18:00:00,0.0,387.2695000000001,632.1005,95546.95,0.0094303333333333,291.86999999999995,3.2000000000000006,-0.8000000000000002,0.0
2022-08-03 19:00:00,0.0,387.28399999999993,638.7858333333334,95553.9,0.009552,291.5,3.8,-1.5,0.0
2022-08-03 20:00:00,0.0,387.27366666666666,615.2321666666667,95576.95,0.0094913333333333,292.70000000000005,4.208833333333334,-1.6000000000000003,0.0
2022-08-03 21:00:00,0.0,372.0871666666667,632.7326666666667,95526.95,0.0093913333333333,293.3,2.7000000000000006,-1.5,0.0
2022-08-03 22:00:00,0.0,372.0871666666667,525.5241666666667,95506.95,0.0098608333333333,293.86999999999995,2.1,-0.9,0.0
2022-08-03 23:00:00,0.0,372.0871666666667,394.0575,95506.95,0.0097305,293.6,1.4,-1.2,0.0
2022-08-04 00:00:00,0.0,346.82750000000004,244.1275,95496.95,0.0094608333333333,293.9,2.208833333333333,0.3,0.0
2022-08-04 01:00:00,0.0,346.8141666666667,135.64283333333333,95516.95,0.0102913333333333,293.20000000000005,0.8390000000000001,0.6,0.0
2022-08-04 02:00:00,0.0,346.78950000000003,24.144166666666667,95516.95,0.0108303333333333,290.65333333333336,-0.1911666666666666,2.4,0.0
2022-08-04 03:00:00,0.0,334.126,0.0,95556.95,0.0097695,289.0216666666667,-1.1305000000000005,1.2088333333333334,0.0
2022-08-04 04:00:00,0.0,334.126,0.0,95536.95,0.0095,288.06166666666667,-1.6000000000000003,2.1,0.0
2022-08-04 05:00:00,0.0,334.10400000000004,0.0,95526.95,0.0088303333333333,286.56166666666667,-1.6695,2.508666666666667,0.0
2022-08-04 06:00:00,0.0,328.4636666666667,0.0,95503.9,0.0089,286.6616666666667,-1.8695,3.208833333333333,0.0
2022-08-04 07:00:00,0.0,328.4636666666667,0.0,95476.95,0.0089,286.5316666666667,-1.7,2.8480000000000003,0.0
2022-08-04 08:00:00,0.0,328.46133333333336,0.0,95446.95,0.009,286.83,-2.1086666666666667,2.447833333333333,0.0
2022-08-04 09:00:00,0.0,321.3078333333333,0.0,95376.95,0.0091,287.5316666666667,-3.439166666666667,1.3175,0.0
2022-08-04 10:00:00,0.0,321.3078333333333,0.0,95356.95,0.009,287.5316666666667,-2.9695,0.7088333333333333,0.0
2022-08-04 11:00:00,0.0,321.2975,0.0,95286.95,0.0087999999999999,287.56166666666667,-3.6,3.5698333333333334,0.0
2022-08-04 12:00:00,0.0,327.6,81.719,95196.95,0.0091305,288.36999999999995,-3.8085,1.839,0.0
2022-08-04 13:00:00,0.0,327.6015,214.7783333333333,95166.95,0.0102608333333333,290.6,-1.4695,2.6173333333333333,0.0
2022-08-04 14:00:00,0.0,327.6705,346.01800000000003,95096.95,0.0108303333333333,293.4316666666667,0.1911666666666666,4.8,0.0
2022-08-04 15:00:00,0.0,360.9,452.3418333333334,95116.95,0.0112911666666666,295.5683333333333,0.7911666666666667,5.6695,0.0
2022-08-04 16:00:00,0.0,360.9,581.2426666666667,95076.95,0.0117911666666666,296.70000000000005,0.6305,6.5698333333333325,0.0
2022-08-04 17:00:00,0.0,360.9125000000001,680.3294999999999,95076.95,0.0123913333333333,298.4,1.2303333333333333,6.269666666666666,0.0
2022-08-04 18:00:00,0.0,384.7459999999999,760.6781666666666,95036.95,0.0124216666666666,300.13000000000005,1.0,5.6000000000000005,0.0
2022-08-04 19:00:00,0.0,384.77,768.7288333333332,95026.95,0.0138824999999999,300.6,2.8000000000000003,4.508666666666667,0.0
2022-08-04 20:00:00,0.0,384.7873333333334,740.2273333333334,95026.95,0.0141215,301.9316666666667,3.1,4.2,0.0
2022-08-04 21:00:00,0.0,390.7003333333334,688.5101666666666,94986.95,0.0135218333333333,302.63000000000005,2.8000000000000003,5.0,0.0
2022-08-04 22:00:00,0.0,390.7003333333334,571.332,94953.9,0.0130216666666666,302.83,1.4913333333333334,4.739333333333334,0.0
2022-08-04 23:00:00,0.0,390.7003333333334,427.72,94916.95,0.0136521666666666,303.0316666666667,1.4,4.108666666666667,0.0
2022-08-05 00:00:00,0.0,366.81466666666665,249.9728333333333,94876.95,0.0145608333333333,302.56166666666667,-0.2,2.6695000000000007,0.0
2022-08-05 01:00:00,0.0,366.7513333333333,137.59316666666666,94796.95,0.0153911666666666,299.89000000000004,-1.3,2.339,0.0
2022-08-05 02:00:00,0.0,366.7341666666666,22.180833333333336,94720.0,0.0146609999999999,297.0216666666667,-1.7,3.1086666666666667,0.0
2022-08-05 03:00:00,0.0,337.394,0.0,94696.95,0.0141304999999999,296.46,-1.0,4.308833333333333,0.0
2022-08-05 04:00:00,0.0,337.3695,0.0,94616.95,0.013961,296.6,-0.6911666666666667,5.039166666666667,0.0
2022-08-05 05:00:00,0.0,337.3695,0.0,94546.95,0.0135,299.0316666666667,-1.0,6.939166666666668,0.0
2022-08-05 06:00:00,0.0,343.8645,0.0,94556.95,0.0136301666666666,299.1,-0.1,9.478333333333332,0.0
2022-08-05 07:00:00,0.0,343.8541666666667,0.0,94570.0,0.0134606666666666,297.4216666666667,2.291166666666667,6.417666666666666,0.0
2022-08-05 08:00:00,0.0,343.85183333333333,0.0,94536.95,0.0137303333333333,298.3,2.3000000000000003,8.617333333333333,0.0
2022-08-05 09:00:00,1.4459318,345.366,0.0,94613.05,0.0122608333333333,297.6383333333334,4.791166666666666,7.239333333333334,0.00040164773
2022-08-05 10:00:00,1.1941407,345.366,0.0,94646.95,0.0136301666666666,295.70000000000005,1.7,2.6391666666666667,0.00033170576
2022-08-05 11:00:00,0.4807799,345.366,0.0,94636.95,0.0133305,293.27000000000004,3.978333333333333,-2.2433333333333336,0.00013354997
2022-08-05 12:00:00,0.0,349.9956666666667,75.4895,94686.95,0.0118909999999999,293.0,0.2,-1.5305,0.0
2022-08-05 13:00:00,0.0,350.0118333333333,202.8901666666667,94796.95,0.0124216666666666,292.4,3.4301666666666666,-1.0086666666666666,0.0
2022-08-05 14:00:00,0.0,350.0313333333333,328.4695,94886.95,0.012452,294.3,4.4,-2.4,0.0
2022-08-05 15:00:00,0.0,378.4831666666667,398.5413333333333,94946.95,0.0122521666666666,294.4316666666667,3.439166666666667,-1.8,0.0
2022-08-05 16:00:00,0.0,378.4831666666667,512.6665,95026.95,0.0110911666666666,294.5683333333333,4.008333333333333,-3.1391666666666667,0.0
2022-08-05 17:00:00,0.0,378.5105,600.3955,95103.9,0.0107606666666666,295.36999999999995,2.8000000000000003,-2.9301666666666666,0.0
2022-08-05 18:00:00,0.0,376.729,751.0621666666666,95113.9,0.0108913333333333,295.9316666666667,3.5305,-0.6,0.0
2022-08-05 19:00:00,0.0,376.729,759.0021666666668,95176.95,0.0118824999999999,296.5,4.1,-0.923,0.0
2022-08-05 20:00:00,0.0,376.7151666666667,730.6948333333333,95166.95,0.011152,297.5683333333333,4.7,-0.6,0.0
2022-08-05 21:00:00,0.0,361.5346666666667,647.3035,95196.95,0.0097519999999999,297.8,4.8,1.0,0.0
2022-08-05 22:00:00,0.0,361.5346666666667,536.621,95216.95,0.0103911666666666,296.67,6.208833333333334,1.9695,0.0
2022-08-05 23:00:00,0.0,361.5103333333333,401.07933333333335,95256.95,0.0100218333333333,296.20000000000005,5.908833333333334,-0.4695,0.0
2022-08-06 00:00:00,0.0,335.09433333333334,258.76033333333334,95296.95,0.0099215,295.0316666666667,5.769666666666666,1.1305000000000005,0.0
2022-08-06 01:00:00,0.0,335.03266666666667,141.04783333333333,95326.95,0.0100823333333333,293.63000000000005,4.5,1.2911666666666666,0.0
2022-08-06 02:00:00,0.0,335.02566666666667,20.23033333333333,95370.0,0.0093913333333333,292.70000000000005,5.8,-0.8695,0.0
2022-08-06 03:00:00,0.0,297.3281666666667,0.0,95453.9,0.0067303333333333,291.59166666666664,7.0698333333333325,-4.7,0.0
2022-08-06 04:00:00,0.0,297.314,0.0,95516.95,0.0077999999999999,289.46,6.3305,-4.5715,0.0
2022-08-06 05:00:00,0.0,297.3078333333333,0.0,95586.95,0.0077304999999999,289.3616666666667,6.430166666666668,-3.2000000000000006,0.0
2022-08-06 06:00:00,0.0,286.8835,0.0,95683.9,0.0076,288.3616666666667,5.259,-3.0,0.0
2022-08-06 07:00:00,0.0,286.8835,0.0,95723.9,0.008,287.0316666666667,5.308833333333334,-3.3608333333333333,0.0
2022-08-06 08:00:00,0.0,286.8695,0.0,95773.9,0.0081999999999999,285.83,5.2,-2.7000000000000006,0.0
2022-08-06 09:00:00,0.0,282.216,0.0,95866.95,0.0078999999999999,285.0683333333333,3.7000000000000006,-3.8,0.0
2022-08-06 10:00:00,0.0,282.2151666666667,0.0,95916.95,0.0078304999999999,285.5,3.4088333333333334,-3.0911666666666666,0.0
2022-08-06 11:00:00,0.0,282.2151666666667,0.0,96036.95,0.0074303333333333,285.33,2.8088333333333337,-4.269666666666667,0.0
2022-08-06 12:00:00,0.0,296.9545,75.19783333333334,96086.95,0.0076305,285.36999999999995,2.939166666666667,-3.339,0.0
2022-08-06 13:00:00,0.0,296.9688333333333,206.88683333333333,96086.95,0.0078304999999999,285.5316666666667,1.8,-5.439166666666668,0.0
2022-08-06 14:00:00,0.0,296.98633333333333,336.6931666666667,96133.9,0.0081608333333333,286.1616666666667,1.7088333333333334,-5.3305,0.0
2022-08-06 15:00:00,0.0,357.32716666666664,370.1371666666667,96193.9,0.0076305,286.9,-0.2,-5.108666666666667,0.0
2022-08-06 16:00:00,0.0,357.34116666666665,476.6251666666667,96216.95,0.0078304999999999,287.8,0.6,-4.2,0.0
2022-08-06 17:00:00,0.0,357.3455000000001,558.447,96336.95,0.0075608333333333,288.6,0.2303333333333333,-4.0,0.0
2022-08-06 18:00:00,0.0,386.4245,488.41833333333335,96363.9,0.0074608333333333,288.86999999999995,0.8000000000000002,-2.3695,0.0
2022-08-06 19:00:00,0.0,386.4245,493.57183333333336,96386.95,0.0072913333333333,289.4,0.1,-2.5,0.0
2022-08-06 20:00:00,0.0,386.4245,475.08116666666666,96336.95,0.0073218333333333,289.3,-0.7000000000000001,-2.2,0.0
2022-08-06 21:00:00,0.0,384.73083333333335,432.08566666666667,96343.9,0.0072606666666666,290.20000000000005,-1.0,-1.4,0.0
2022-08-06 22:00:00,0.0,384.73083333333335,357.8880000000001,96326.95,0.0070304999999999,289.9,-0.5,-0.9608333333333334,0.0
2022-08-06 23:00:00,0.0,384.73083333333335,267.0278333333333,96326.95,0.0072606666666666,289.83,-0.2,-1.3,0.0
2022-08-07 00:00:00,0.0,378.7556666666667,163.77716666666666,96316.95,0.0075305,289.36999999999995,0.3695,-0.5608333333333334,0.0
2022-08-07 01:00:00,0.0,378.7565,88.36533333333334,96323.9,0.0080303333333333,289.0683333333333,-0.0698333333333333,-0.8000000000000002,0.0
2022-08-07 02:00:00,0.0,378.752,10.997,96276.95,0.0083609999999999,287.46,-0.1305,1.1,0.0
2022-08-07 03:00:00,0.0,363.8448333333334,0.0,96276.95,0.0083305,286.5316666666667,-0.5,1.9913333333333327,0.0
2022-08-07 04:00:00,0.0,363.8448333333334,0.0,96276.95,0.0080303333333333,285.39000000000004,-0.6911666666666667,1.8,0.0
2022-08-07 05:00:00,0.0,363.83633333333336,0.0,96306.95,0.0077999999999999,284.39000000000004,-1.3215,2.0783333333333336,0.0
2022-08-07 06:00:00,0.0,359.4305,0.0,96296.95,0.0076999999999999,283.7916666666667,-1.2286666666666666,2.3695,0.0
2022-08-07 07:00:00,0.0,359.4305,0.0,96306.95,0.0073303333333333,282.8233333333333,0.5911666666666666,2.3000000000000003,0.0
2022-08-07 08:00:00,0.0,359.4305,0.0,96306.95,0.0073,282.9216666666667,-0.2696666666666666,2.708833333333333,0.0
2022-08-07 09:00:00,0.0,351.8915,0.0,96256.95,0.0069999999999999,282.56166666666667,0.8000000000000002,2.739333333333333,0.0
2022-08-07 10:00:00,0.0,351.88616666666667,0.0,96226.95,0.0068,282.1616666666667,0.1,2.0086666666666666,0.0
2022-08-07 11:00:00,0.0,351.88616666666667,0.0,96216.95,0.0068304999999999,281.6616666666667,-0.7911666666666667,2.4,0.0
2022-08-07 12:00:00,0.0,357.6845,30.2,96226.95,0.0069304999999999,281.73,-0.1911666666666666,2.339,0.0
2022-08-07 13:00:00,0.0,357.6845,85.20416666666667,96236.95,0.0079606666666666,284.1383333333334,-0.5,2.208833333333333,0.0
2022-08-07 14:00:00,0.0,357.6985,139.3845,96236.95,0.0089608333333333,287.0,0.2303333333333333,2.508666666666667,0.0
2022-08-07 15:00:00,0.0,365.4,168.91033333333334,96256.95,0.0091608333333333,289.3,2.1695,3.2000000000000006,0.0
2022-08-07 16:00:00,0.0,365.4,217.73866666666672,96256.95,0.0088303333333333,289.7383333333334,2.8783333333333334,3.7000000000000006,0.0
2022-08-07 17:00:00,0.0,365.4,255.28166666666667,96216.95,0.0087608333333333,291.5,1.7696666666666667,4.8,0.0
2022-08-07 18:00:00,0.0,365.4078333333334,286.3018333333334,96146.95,0.009061,292.0,3.7000000000000006,4.7,0.0
2022-08-07 19:00:00,0.0,365.4136666666666,289.30333333333334,96086.95,0.0093913333333333,292.3,3.8695,4.091166666666667,0.0
2022-08-07 20:00:00,0.0,365.4136666666666,278.34666666666664,96066.95,0.0091911666666666,292.9683333333333,3.6,2.4301666666666666,0.0
2022-08-07 21:00:00,0.0,346.1989999999999,485.60566666666665,96036.95,0.0095913333333333,293.67,3.1,2.9913333333333334,0.0
2022-08-07 22:00:00,0.0,346.1989999999999,401.7861666666667,95966.95,0.0103608333333333,294.3,3.760666666666667,3.4,0.0
2022-08-07 23:00:00,0.0,346.1989999999999,299.21750000000003,95970.0,0.0098608333333333,294.27000000000004,3.839,2.8913333333333333,0.0
2022-08-08 00:00:00,0.0,311.646,239.68266666666668,95926.95,0.0100303333333333,293.4,3.2000000000000006,4.0698333333333325,0.0
2022-08-08 01:00:00,0.0,311.626,127.91383333333332,95906.95,0.0103608333333333,292.20000000000005,2.769666666666667,3.6,0.0
2022-08-08 02:00:00,0.0,311.61266666666666,13.318166666666668,95886.95,0.0104695,289.9216666666667,1.7393333333333334,3.5086666666666666,0.0
2022-08-08 03:00:00,0.0,293.93700000000007,0.0,95906.95,0.0105695,289.1616666666667,1.5,4.308833333333333,0.0
2022-08-08 04:00:00,0.0,293.93700000000007,0.0,95880.0,0.0103,288.5316666666667,2.2,4.508666666666667,0.0
2022-08-08 05:00:00,0.0,293.93700000000007,0.0,95896.95,0.0101999999999999,288.1,2.0,4.0,0.0
2022-08-08 06:00:00,0.0,290.90233333333333,0.0,95866.95,0.0102303333333333,287.9316666666667,1.9926666666666664,4.878333333333333,0.0
2022-08-08 07:00:00,0.0,290.9011666666667,0.0,95826.95,0.0103,287.86999999999995,2.508666666666667,4.6785,0.0
2022-08-08 08:00:00,0.0,290.8906666666667,0.0,95790.0,0.0098999999999999,287.63000000000005,2.0,4.008666666666667,0.0
2022-08-08 09:00:00,0.0,288.44033333333334,0.0,95790.0,0.0096,287.33,2.708833333333333,4.208833333333334,0.0
2022-08-08 10:00:00,0.0,288.44033333333334,0.0,95743.9,0.0096,287.0316666666667,2.708833333333333,4.339,0.0
2022-08-08 11:00:00,0.0,288.44033333333334,0.0,95706.95,0.0097,287.2616666666667,2.439166666666667,3.8088333333333337,0.0
2022-08-08 12:00:00,0.0,302.53700000000003,71.5905,95696.95,0.0096608333333333,287.1616666666667,1.7088333333333334,3.608666666666666,0.0
2022-08-08 13:00:00,0.0,302.5423333333333,207.3728333333333,95686.95,0.0105608333333333,289.63000000000005,2.1391666666666667,3.939166666666667,0.0
2022-08-08 14:00:00,0.0,302.563,341.145,95676.95,0.0106911666666666,292.20000000000005,3.0,4.339,0.0
2022-08-08 15:00:00,0.0,355.5956666666666,452.18533333333335,95636.95,0.0108608333333333,294.23,3.7000000000000006,4.698166666666667,0.0
2022-08-08 16:00:00,0.0,355.6411666666666,583.5555,95586.95,0.011861,296.1,3.1,4.808833333333333,0.0
2022-08-08 17:00:00,0.0,355.657,684.5386666666667,95566.95,0.0123608333333333,297.8,4.3,5.1000000000000005,0.0
2022-08-08 18:00:00,0.0,389.097,752.79,95526.95,0.0131911666666666,299.1,4.2,5.400000000000001,0.0
2022-08-08 19:00:00,0.0,389.12000000000006,760.7244999999999,95496.95,0.012452,300.6,4.769666666666667,4.3305,0.0
2022-08-08 20:00:00,0.0,389.1301666666666,731.7925,95446.95,0.0131216666666666,301.63000000000005,4.7,4.691166666666667,0.0
2022-08-08 21:00:00,0.0,389.215,674.0971666666667,95396.95,0.0131911666666666,302.33,4.2,5.1000000000000005,0.0
2022-08-08 22:00:00,0.0,389.215,557.2193333333333,95346.95,0.0132214999999999,302.70000000000005,3.8,6.208833333333334,0.0
2022-08-08 23:00:00,0.0,389.215,414.2685,95306.95,0.0130913333333333,302.67,2.6,5.8,0.0
2022-08-09 00:00:00,0.0,366.54333333333335,233.32816666666668,95266.95,0.0132909999999999,301.23,1.6000000000000003,5.308833333333334,0.0
2022-08-09 01:00:00,0.0,366.52383333333336,123.11416666666666,95236.95,0.0134911666666666,299.2916666666667,2.708833333333333,4.708833333333334,0.0
2022-08-09 02:00:00,0.0,366.5,10.1705,95230.0,0.0115696666666666,296.7916666666667,1.608666666666667,4.808833333333333,0.0
2022-08-09 03:00:00,0.0,338.9205,0.0,95220.0,0.0109,295.6616666666667,1.3,5.108666666666667,0.0
2022-08-09 04:00:00,0.0,338.90850000000006,0.0,95226.95,0.0099305,294.7916666666667,1.3695000000000002,5.908833333333334,0.0
2022-08-09 05:00:00,0.0,338.90850000000006,0.0,95206.95,0.0097,294.2616666666667,2.769666666666667,5.508666666666668,0.0
2022-08-09 06:00:00,0.0,331.1,0.0,95320.0,0.0103305,294.1616666666667,3.439166666666667,3.339,0.0
2022-08-09 07:00:00,0.0,331.1,0.0,95356.95,0.0098608333333333,291.9916666666666,3.3000000000000003,4.8,0.0
2022-08-09 08:00:00,0.0,331.0991666666667,0.0,95376.95,0.0101,291.4916666666666,2.7303333333333337,4.408833333333333,0.0
2022-08-09 09:00:00,0.0,323.9021666666667,0.0,95446.95,0.0095,289.89000000000004,2.5,2.539166666666667,0.0
2022-08-09 10:00:00,0.0,323.90066666666667,0.0,95526.95,0.0091305,288.3616666666667,3.1086666666666667,0.9695,0.0
2022-08-09 11:00:00,0.0,323.877,0.0,95613.9,0.0096393333333333,287.69166666666666,4.808833333333333,-1.5305,0.0
2022-08-09 12:00:00,0.0,332.58666666666664,67.844,95736.95,0.0103305,288.5316666666667,2.8000000000000003,-2.6478333333333333,0.0
2022-08-09 13:00:00,0.0,332.60883333333334,202.0445,95816.95,0.009761,290.0316666666667,2.6086666666666667,-5.1695,0.0
2022-08-09 14:00:00,0.0,332.6575,334.293,95916.95,0.0089911666666666,291.1,1.8,-4.6305000000000005,0.0
2022-08-09 15:00:00,0.0,354.8068333333334,448.1286666666667,95986.95,0.0082305,292.0316666666667,2.1,-4.3305,0.0
2022-08-09 16:00:00,0.0,354.80733333333336,578.9445,96026.95,0.0088608333333333,292.63000000000005,1.839,-5.430166666666668,0.0
2022-08-09 17:00:00,0.0,354.8235,679.5186666666667,96073.9,0.0089608333333333,293.8,1.8,-5.730333333333334,0.0
2022-08-09 18:00:00,0.0,359.93833333333333,750.9225,96106.95,0.0092606666666666,294.3,2.3000000000000003,-4.9,0.0
2022-08-09 19:00:00,0.0,359.93833333333333,758.774,96106.95,0.0085911666666666,295.3,1.9088333333333327,-5.0,0.0
2022-08-09 20:00:00,0.0,359.93833333333333,729.7233333333334,96096.95,0.0079913333333333,296.0,2.3695,-4.5,0.0
2022-08-09 21:00:00,0.0,351.7155,673.976,96116.95,0.0079218333333333,296.3,2.739333333333333,-4.491333333333333,0.0
2022-08-09 22:00:00,0.0,351.71183333333335,556.5353333333334,96123.9,0.0081608333333333,296.5316666666667,3.3085,-4.2,0.0
2022-08-09 23:00:00,0.0,351.71183333333335,412.9675,96126.95,0.0080913333333333,296.23,3.2000000000000006,-3.3000000000000003,0.0
2022-08-10 00:00:00,0.0,326.83033333333333,231.51366666666664,96146.95,0.0085911666666666,295.6,1.7393333333333334,-3.0,0.0
2022-08-10 01:00:00,0.0,326.8243333333333,120.673,96146.95,0.0100128333333333,294.4316666666667,1.2,-1.0391666666666668,0.0
2022-08-10 02:00:00,0.0,326.7818333333333,7.180833333333333,96176.95,0.0099305,291.45166666666665,2.5981666666666667,-1.1,0.0
2022-08-10 03:00:00,0.0,304.1261666666667,0.0,96246.95,0.0093303333333333,288.62166666666667,2.0,-0.3,0.0
2022-08-10 04:00:00,0.0,304.1261666666667,0.0,96286.95,0.0089305,287.1616666666667,1.4391666666666667,-1.0,0.0
2022-08-10 05:00:00,0.0,304.1213333333334,0.0,96326.95,0.0083305,285.75333333333333,2.2,1.4391666666666667,0.0
2022-08-10 06:00:00,0.0,295.2556666666667,0.0,96356.95,0.0084999999999999,285.4816666666666,2.291166666666667,1.4695,0.0
2022-08-10 07:00:00,0.0,295.2381666666667,0.0,96396.95,0.0077694999999999,283.95166666666665,2.1391666666666667,0.7088333333333333,0.0
2022-08-10 08:00:00,0.0,295.2381666666667,0.0,96446.95,0.0070999999999999,283.59166666666664,2.8088333333333337,-1.1,0.0
2022-08-10 09:00:00,0.0,288.281,0.0,96486.95,0.0074303333333333,283.09166666666664,2.6,-1.7696666666666667,0.0
2022-08-10 10:00:00,0.0,288.281,0.0,96516.95,0.0077304999999999,283.7916666666667,3.708833333333333,-0.9,0.0
2022-08-10 11:00:00,0.0,288.281,0.0,96566.95,0.0071606666666666,282.46,2.0,-1.1,0.0
2022-08-10 12:00:00,0.0,298.666,65.0985,96616.95,0.0077999999999999,283.1,1.9695,-1.748,0.0
2022-08-10 13:00:00,0.0,298.68266666666665,199.7995,96696.95,0.0082608333333333,285.0,0.5,0.2,0.0
2022-08-10 14:00:00,0.0,298.70666666666665,332.4655,96726.95,0.0094608333333333,287.36999999999995,-0.1,-0.9,0.0
2022-08-10 15:00:00,0.0,341.27250000000004,438.9483333333333,96726.95,0.0098608333333333,290.5,-0.3695,-1.7303333333333333,0.0
2022-08-10 16:00:00,0.0,341.2848333333333,567.7278333333334,96736.95,0.0096911666666666,291.9316666666667,-2.4,-1.3,0.0
2022-08-10 17:00:00,0.0,341.2933333333333,666.7113333333333,96746.95,0.0100913333333333,293.5316666666667,-1.2,-2.0,0.0
2022-08-10 18:00:00,0.0,355.1758333333334,722.8616666666667,96746.95,0.0094608333333333,294.4,-1.6610000000000005,-2.260666666666667,0.0
2022-08-10 19:00:00,0.0,355.17733333333337,730.4105,96713.9,0.0094218333333333,295.0,-2.1,-1.8,0.0
2022-08-10 20:00:00,0.0,355.17733333333337,702.2303333333333,96686.95,0.0097215,295.4316666666667,-1.2696666666666667,-1.4,0.0
2022-08-10 21:00:00,0.0,353.235,657.86,96666.95,0.0091911666666666,295.8,-1.7696666666666667,-1.2,0.0
2022-08-10 22:00:00,0.0,353.22116666666665,542.6603333333334,96636.95,0.0094218333333333,294.8,-1.6610000000000005,-1.4,0.0
2022-08-10 23:00:00,0.0,353.22116666666665,401.8748333333333,96626.95,0.0093913333333333,294.70000000000005,-2.460833333333333,0.1003333333333333,0.0
2022-08-11 00:00:00,0.0,328.85016666666667,235.8825,96606.95,0.0096911666666666,294.1,-2.1305,-1.3608333333333336,0.0
2022-08-11 01:00:00,0.0,328.8326666666667,121.387,96616.95,0.010491,292.5316666666667,-1.6305000000000005,-0.4608333333333334,0.0
2022-08-11 02:00:00,0.0,328.7965,4.217333333333333,96596.95,0.0101,290.78333333333336,-2.2,-0.2911666666666667,0.0
2022-08-11 03:00:00,0.0,304.2193333333334,0.0,96610.0,0.0097305,289.69166666666666,-2.6086666666666667,0.3088333333333333,0.0
2022-08-11 04:00:00,0.0,304.2193333333334,0.0,96603.9,0.0096,288.59166666666664,-3.1,1.5086666666666666,0.0
2022-08-11 05:00:00,0.0,304.21700000000004,0.0,96616.95,0.0093303333333333,288.2616666666667,-3.0305,1.6000000000000003,0.0
2022-08-11 06:00:00,0.0,298.07050000000004,0.0,96616.95,0.0092,287.5316666666667,-3.339,1.9391666666666667,0.0
2022-08-11 07:00:00,0.0,298.05483333333336,0.0,96636.95,0.0087,286.3616666666667,-3.608666666666666,0.9,0.0
2022-08-11 08:00:00,0.0,298.05483333333336,0.0,96606.95,0.009,286.59166666666664,-2.4301666666666666,2.439166666666667,0.0
2022-08-11 09:00:00,0.0,303.02116666666666,0.0,96586.95,0.0086303333333333,286.0316666666667,-2.739333333333333,2.0,0.0
2022-08-11 10:00:00,0.0,302.9986666666667,0.0,96566.95,0.0081303333333333,285.0316666666667,-3.5698333333333334,2.1086666666666667,0.0
2022-08-11 11:00:00,0.0,302.9986666666667,0.0,96546.95,0.0081999999999999,285.0683333333333,-3.8,2.3088333333333333,0.0
2022-08-11 12:00:00,0.0,327.6755,45.15283333333333,96546.95,0.0081,284.8,-3.8,2.19,0.0
2022-08-11 13:00:00,0.0,327.72783333333336,143.04800000000003,96543.9,0.0088608333333333,287.70000000000005,-3.1086666666666667,2.048,0.0
2022-08-11 14:00:00,0.0,327.7286666666667,239.4696666666667,96516.95,0.0091608333333333,289.8616666666667,-2.8305,1.9,0.0
2022-08-11 15:00:00,0.0,386.7586666666666,246.83900000000003,96463.9,0.0095303333333333,291.9,-3.8,3.269666666666667,0.0
2022-08-11 16:00:00,0.0,386.7995000000001,319.6193333333333,96433.9,0.0095303333333333,293.0,-3.8,2.208833333333333,0.0
2022-08-11 17:00:00,0.0,386.8205,375.58066666666673,96396.95,0.0095608333333333,293.9316666666667,-3.8,3.1086666666666667,0.0
2022-08-11 18:00:00,0.0,408.9758333333334,352.81066666666675,96386.95,0.0092606666666666,292.9316666666667,-1.4391666666666667,2.0698333333333334,0.0
2022-08-11 19:00:00,0.0,408.9758333333334,356.4403333333333,96356.95,0.009761,294.61000000000007,-2.2303333333333337,1.5608333333333333,0.0
2022-08-11 20:00:00,0.0,408.9758333333334,342.6048333333333,96326.95,0.0104609999999999,293.9916666666666,-3.5305,2.239333333333333,0.0
2022-08-11 21:00:00,0.0,411.6558333333334,351.1888333333333,96333.9,0.0107606666666666,292.62166666666667,-3.6,0.8000000000000002,0.0
2022-08-11 22:00:00,0.0,411.6558333333334,289.44216666666665,96273.9,0.0112,292.4916666666666,-2.4695,-0.4608333333333334,0.0
2022-08-11 23:00:00,0.0,411.6515,213.97433333333333,96286.95,0.0123608333333333,291.5316666666667,-2.208833333333333,-1.2,0.0
2022-08-12 00:00:00,0.0,400.8181666666667,146.9715,96236.95,0.0118304999999999,291.9683333333333,-4.360833333333333,0.6695000000000001,0.0
2022-08-12 01:00:00,0.0,400.8136666666667,74.60833333333333,96136.95,0.0116303333333333,290.96,-3.0911666666666666,2.4695,0.0
2022-08-12 02:00:00,0.0,400.8095,0.611,96116.95,0.0116303333333333,290.73,-4.408833333333333,2.152,0.0
2022-08-12 03:00:00,0.0,400.9835,0.0,96106.95,0.0111694999999999,290.5,-4.791166666666666,1.4913333333333334,0.0
2022-08-12 04:00:00,0.0,400.9835,0.0,96056.95,0.0111305,290.2616666666667,-5.828833333333333,1.7,0.0
2022-08-12 05:00:00,0.0,400.9835,0.0,96036.95,0.0110304999999999,290.8,-5.430166666666668,2.1086666666666667,0.0
2022-08-12 06:00:00,0.0,386.11033333333336,0.0,95996.95,0.0108303333333333,290.83,-5.1695,2.708833333333333,0.0
2022-08-12 07:00:00,0.0,386.11033333333336,0.0,95936.95,0.0103305,290.3,-5.878333333333333,1.748,0.0
2022-08-12 08:00:00,0.0,386.0876666666666,0.0,95876.95,0.0101999999999999,289.6,-5.8695,3.8088333333333337,0.0
2022-08-12 09:00:00,0.0,358.1465,0.0,95823.9,0.01,290.1,-5.4695,3.1086666666666667,0.0
2022-08-12 10:00:00,0.0,358.1421666666667,0.0,95763.9,0.0099695,289.2616666666667,-4.1,2.508666666666667,0.0
2022-08-12 11:00:00,0.0,358.13866666666667,0.0,95753.9,0.01,289.4316666666667,-3.5391666666666666,2.417666666666667,0.0
2022-08-12 12:00:00,0.0,360.49783333333335,48.29133333333333,95766.95,0.0101999999999999,289.8,-2.3695,2.447833333333333,0.0
2022-08-12 13:00:00,0.0,360.5115,158.3385,95776.95,0.0106606666666666,290.4316666666667,-2.3695,1.2088333333333334,0.0
2022-08-12 14:00:00,0.0,360.5218333333334,266.7281666666667,95793.9,0.0116303333333333,291.4316666666667,-0.9,2.7000000000000006,0.0
2022-08-12 15:00:00,0.0,377.56950000000006,427.0513333333333,95783.9,0.0111609999999999,293.0,-1.0,3.0086666666666666,0.0
2022-08-12 16:00:00,0.0,377.5835,553.6220000000001,95806.95,0.0116608333333333,294.2383333333334,1.7,1.3,0.0
2022-08-12 17:00:00,0.0,377.62416666666667,650.8763333333333,95826.95,0.0119911666666666,294.4,0.3,-0.5,0.0
2022-08-12 18:00:00,0.0,401.99916666666667,730.1493333333334,95813.9,0.0120911666666666,295.0683333333333,-0.4695,-1.9,0.0
2022-08-12 19:00:00,0.0,402.0131666666666,737.6581666666667,95793.9,0.0128218333333333,295.13000000000005,-1.4,-2.0911666666666666,0.0
2022-08-12 20:00:00,0.0,402.014,708.7621666666668,95813.9,0.0133911666666666,295.0216666666667,-2.0,-1.0911666666666666,0.0
2022-08-12 21:00:00,0.0,398.08616666666666,649.9681666666667,95843.9,0.0131911666666666,295.6383333333334,-2.269666666666667,-0.5911666666666666,0.0
2022-08-12 22:00:00,0.0,398.08449999999993,534.9213333333333,95826.95,0.0138608333333333,296.2383333333334,-0.3128333333333333,-1.1695,0.0
2022-08-12 23:00:00,0.0,398.08449999999993,394.521,95856.95,0.013261,296.0683333333333,-0.0698333333333333,0.1086666666666666,0.0
2022-08-13 00:00:00,0.0,369.24483333333336,213.9508333333333,95866.95,0.0134911666666666,295.4683333333333,0.2,0.8390000000000001,0.0
2022-08-13 01:00:00,0.0,369.2235,107.05466666666666,95856.95,0.0141606666666666,294.70000000000005,-0.6,0.5,0.0
2022-08-13 02:00:00,0.0,369.2135,0.0,95863.9,0.0139999999999999,293.62166666666667,-1.3695000000000002,1.0,0.0
2022-08-13 03:00:00,0.0,341.0421666666667,0.0,95926.95,0.0134,292.19166666666666,-1.9913333333333327,1.3783333333333332,0.0
2022-08-13 04:00:00,0.0,341.0321666666667,0.0,95946.95,0.0121,290.8616666666667,-0.2,0.7393333333333333,0.0
2022-08-13 05:00:00,0.0,341.02366666666666,0.0,95916.95,0.0116698333333333,289.3616666666667,-0.8088333333333333,1.9301666666666664,0.0
2022-08-13 06:00:00,0.0,331.90066666666667,0.0,95946.95,0.0099695,287.56166666666667,2.5,1.3,0.0
2022-08-13 07:00:00,0.0,331.90066666666667,0.0,95956.95,0.0100303333333333,287.0,0.9,1.7,0.0
2022-08-13 08:00:00,0.0,331.90066666666667,0.0,95966.95,0.0099305,287.46,2.2,0.7000000000000001,0.0
2022-08-13 09:00:00,0.0,326.9725,0.0,95976.95,0.0100303333333333,287.4316666666667,2.1391666666666667,0.6391666666666667,0.0
2022-08-13 10:00:00,0.0,326.9481666666667,0.0,95983.9,0.0101999999999999,286.96,-1.3913333333333335,2.039166666666667,0.0
2022-08-13 11:00:00,0.0,326.9481666666667,0.0,95976.95,0.0096305,286.4316666666667,-0.8608333333333335,1.3088333333333333,0.0
2022-08-13 12:00:00,0.0,339.39683333333335,54.641333333333336,96036.95,0.0104,287.27000000000004,-1.7696666666666667,-0.0911666666666666,0.0
2022-08-13 13:00:00,0.0,339.4121666666667,185.88433333333333,96086.95,0.0114606666666666,288.9683333333333,-0.6695000000000001,0.5391666666666667,0.0
2022-08-13 14:00:00,0.0,339.44433333333336,315.09683333333334,96126.95,0.013261,291.1,1.3,2.6,0.0
2022-08-13 15:00:00,0.0,384.9176666666667,408.3718333333333,96076.95,0.0133305,292.5,1.1,0.9391666666666666,0.0
2022-08-13 16:00:00,0.0,384.95266666666674,530.0221666666667,96076.95,0.0142303333333333,294.4,1.6000000000000003,1.3,0.0
2022-08-13 17:00:00,0.0,384.9725,623.4773333333334,96076.95,0.0128606666666666,296.0,1.9088333333333327,2.9,0.0
2022-08-13 18:00:00,0.0,408.8246666666666,709.4249999999998,96076.95,0.0134304999999999,297.70000000000005,1.8695,2.161,0.0
2022-08-13 19:00:00,0.0,408.8386666666667,716.6691666666666,96016.95,0.0132909999999999,297.20000000000005,2.2,2.2,0.0
2022-08-13 20:00:00,0.1,408.8405,688.341,95986.95,0.0142303333333333,298.3,1.6000000000000003,1.4,2.7777778e-05
2022-08-13 21:00:00,0.1,402.5118333333333,646.2925,95926.95,0.0139,298.36999999999995,-0.3305,2.2,2.7777778e-05
2022-08-13 22:00:00,0.1,402.5118333333333,531.2711666666668,95876.95,0.0133695,298.6616666666667,0.8000000000000002,2.6,2.7777778e-05
2022-08-13 23:00:00,0.0,402.5118333333333,390.96600000000007,95863.9,0.0141606666666666,298.8,1.5391666666666668,1.4,0.0
2022-08-14 00:00:00,0.0,375.7873333333334,209.8955,95853.9,0.0136,298.33,0.9,0.8783333333333333,0.0
2022-08-14 01:00:00,0.0,375.7728333333334,103.445,95816.95,0.0144216666666666,296.73,-0.2823333333333334,1.1695,0.0
2022-08-14 02:00:00,0.0,375.751,0.0,95790.0,0.0131695,294.65333333333336,-1.2,1.2,0.0
2022-08-14 03:00:00,0.0,351.4176666666667,0.0,95826.95,0.0124999999999999,293.0316666666667,-2.060833333333333,1.4,0.0
2022-08-14 04:00:00,0.0,351.4166666666667,0.0,95816.95,0.0113999999999999,291.7916666666667,-0.7000000000000001,3.1,0.0
2022-08-14 05:00:00,0.0,351.4123333333334,0.0,95793.9,0.0102698333333333,290.46,-0.7000000000000001,3.8088333333333337,0.0
2022-08-14 06:00:00,0.0,353.9175,0.0,95776.95,0.0107999999999999,289.83,-0.4695,2.8480000000000003,0.0
2022-08-14 07:00:00,0.0,353.90916666666664,0.0,95676.95,0.0108303333333333,289.4316666666667,-2.1695,1.7871666666666666,0.0
2022-08-14 08:00:00,0.0,353.90916666666664,0.0,95686.95,0.0104,289.1616666666667,-1.4695,2.8175000000000003,0.0
2022-08-14 09:00:00,0.0,371.0450000000001,0.0,95696.95,0.0105,288.69166666666666,3.752,2.6046666666666667,0.0
2022-08-14 10:00:00,0.0,371.0450000000001,0.0,95776.95,0.0108303333333333,289.69166666666666,0.0,-1.278333333333333,0.0
2022-08-14 11:00:00,0.0,371.0450000000001,0.0,95736.95,0.0114695,290.3,-3.3695,-0.7911666666666667,0.0
2022-08-14 12:00:00,0.0,378.17316666666665,36.0,95630.0,0.0115303333333333,289.6,-5.308833333333334,-0.6305,0.0
2022-08-14 13:00:00,0.0,378.1834999999999,127.41233333333332,95566.95,0.011861,290.70000000000005,-0.7606666666666667,5.739333333333334,0.0
2022-08-14 14:00:00,0.0,378.1985,217.40416666666667,95646.95,0.0129301666666666,293.1616666666667,0.1305,3.0391666666666666,0.0
2022-08-14 15:00:00,0.0,383.68283333333335,426.1611666666667,95683.9,0.0127606666666666,295.9916666666666,0.0,0.0,0.0
2022-08-14 16:00:00,0.09147406,383.7148333333333,553.7398333333334,95683.9,0.0134606666666666,295.63000000000005,-3.1871666666666667,-3.382666666666667,2.5409463e-05
2022-08-14 17:00:00,0.0,383.74383333333327,651.7455,95636.95,0.0140215,297.77000000000004,1.2393333333333334,0.5,0.0
2022-08-14 18:00:00,0.0,414.3085,726.8378333333334,95596.95,0.0143218333333333,298.6,-0.6086666666666667,-0.3,0.0
2022-08-14 19:00:00,0.0,414.3093333333333,734.234,95576.95,0.0150218333333333,300.0316666666667,-0.4000000000000001,1.1,0.0
2022-08-14 20:00:00,0.0,414.3288333333333,704.9933333333333,95576.95,0.0152216666666666,301.0,0.7088333333333333,0.4478333333333333,0.0
2022-08-14 21:00:00,0.0,407.6846666666667,644.1993333333334,95566.95,0.0145216666666666,301.83,1.4,1.048,0.0
2022-08-14 22:00:00,0.0,407.6846666666667,528.8768333333334,95556.95,0.0148304999999999,302.1,-2.269666666666667,1.278333333333333,0.0
2022-08-14 23:00:00,0.0,407.6875,388.3113333333333,95526.95,0.0138911666666666,301.6,-2.7000000000000006,1.3390000000000002,0.0
2022-08-15 00:00:00,0.0,373.1011666666666,207.81816666666668,95513.9,0.0144216666666666,301.5,-2.4,0.7088333333333333,0.0
2022-08-15 01:00:00,0.0,373.087,100.789,95496.95,0.015552,299.4916666666666,-1.7,-0.048,0.0
2022-08-15 02:00:00,0.2,373.0466666666666,0.0,95516.95,0.0154305,296.89000000000004,-1.2,-1.3305,5.5555556e-05
2022-08-15 03:00:00,0.1,347.9826666666666,0.0,95566.95,0.015,295.3616666666667,-1.652,0.8305000000000001,2.7777778e-05
2022-08-15 04:00:00,0.1,347.9826666666666,0.0,95556.95,0.0141,294.9316666666667,-0.9695,1.2088333333333334,2.7777778e-05
2022-08-15 05:00:00,0.1,347.9826666666666,0.0,95556.95,0.0141,294.9316666666667,-0.9695,1.2088333333333334,2.7777778e-05
2022-08-15 06:00:00,0.0,353.0305,0.0,95596.95,0.0135,292.83,-1.9088333333333327,0.7696666666666667,0.0
2022-08-15 07:00:00,0.0,353.0165,0.0,95576.95,0.0139304999999999,292.6,-2.0,1.0698333333333334,0.0
2022-08-15 08:00:00,0.2,353.012,0.0,95533.9,0.0143,293.1,-2.4695,2.6086666666666667,5.5555556e-05
2022-08-15 09:00:00,0.1,377.342,0.0,95546.95,0.0136999999999999,292.2616666666667,-1.9088333333333327,1.2,2.7777778e-05
2022-08-15 10:00:00,0.1,377.342,0.0,95526.95,0.0130698333333333,292.0316666666667,-3.6,1.3,2.7777778e-05
2022-08-15 11:00:00,0.0,377.342,0.0,95483.9,0.0136608333333333,292.43833333333333,-1.6391666666666669,1.8,0.0
2022-08-15 12:00:00,0.0,372.1096666666667,47.10300000000001,95426.95,0.0141606666666666,292.33,-0.4301666666666667,2.3695,0.0
2022-08-15 13:00:00,0.0,372.1263333333333,173.92933333333335,95683.9,0.0118909999999999,290.46,-5.378333333333333,1.1821666666666666,0.0
2022-08-15 14:00:00,0.1,372.14816666666667,298.7726666666667,95646.95,0.0112608333333333,290.4683333333333,-10.339,-6.391333333333333,2.7777778e-05
2022-08-15 15:00:00,0.1,399.6858333333333,423.1965,95556.95,0.0138608333333333,293.56166666666667,-8.921666666666667,2.5305,2.7777778e-05
2022-08-15 16:00:00,0.1,399.7036666666667,550.5615000000001,95636.95,0.0133911666666666,295.1383333333334,-2.8608333333333333,-1.3305,2.7777778e-05
2022-08-15 17:00:00,0.0,399.7253333333333,648.4113333333333,95666.95,0.0144913333333333,297.3383333333333,-5.408833333333334,-0.5,0.0
2022-08-15 18:00:00,0.0,426.454,497.8835000000001,95706.95,0.0141911666666666,298.17,-3.7000000000000006,-0.3695,0.0
2022-08-15 19:00:00,0.0,426.454,502.8866666666666,95666.95,0.0141215,299.3,-3.5305,0.6785,0.0
2022-08-15 20:00:00,0.0,426.454,482.7006666666667,95663.9,0.0145911666666666,299.77000000000004,-5.400000000000001,-0.2823333333333334,0.0
2022-08-15 21:00:00,0.0,410.2023333333333,517.5943333333333,95646.95,0.0154215,300.3383333333333,-3.4695,-2.0216666666666665,0.0
2022-08-15 22:00:00,0.0,410.2023333333333,424.389,95646.95,0.0149521666666666,299.6383333333334,-2.7783333333333338,-2.3608333333333333,0.0
2022-08-15 23:00:00,0.0,410.2023333333333,310.8675,95660.0,0.0151608333333333,298.54,-3.9695,-1.3,0.0
2022-08-16 00:00:00,0.2,378.3761666666667,185.35333333333327,95636.95,0.0152305,298.17,-3.2000000000000006,0.1086666666666666,5.5555556e-05
2022-08-16 01:00:00,0.10839846,378.331,88.3405,95693.9,0.0151825,297.06166666666667,-2.8000000000000003,0.3088333333333333,3.0110683e-05
2022-08-16 02:00:00,0.1695891,378.31666666666666,0.0,95746.95,0.0138305,293.72166666666664,-1.9391666666666667,-1.7696666666666667,4.7108082e-05
2022-08-16 03:00:00,0.0,348.22116666666665,0.0,95766.95,0.0138608333333333,292.83,-3.6,-2.8000000000000003,0.0
2022-08-16 04:00:00,0.0231458,348.22116666666665,0.0,95806.95,0.0123,291.4316666666667,-3.739333333333333,-0.8000000000000002,6.429389e-06
2022-08-16 05:00:00,0.1,348.2128333333333,0.0,95823.9,0.0125305,290.73,-3.2303333333333337,0.6785,2.7777778e-05
2022-08-16 06:00:00,0.3,343.6203333333333,0.0,95816.95,0.0114606666666666,290.13000000000005,-1.2,0.5391666666666667,8.333334e-05
2022-08-16 07:00:00,0.1,343.6203333333333,0.0,95816.95,0.0121913333333333,290.3,-0.8000000000000002,0.6,2.7777778e-05
2022-08-16 08:00:00,0.14008671,343.607,0.0,95783.9,0.0117911666666666,289.8,-2.3000000000000003,0.5,3.8912975e-05
2022-08-16 09:00:00,0.0,336.47700000000003,0.0,95776.95,0.0118304999999999,289.4,0.4088333333333334,0.339,0.0
2022-08-16 10:00:00,0.0231458,336.4685,0.0,95796.95,0.0108608333333333,288.23,1.6695,-0.9,6.429389e-06
2022-08-16 11:00:00,0.1,336.4685,0.0,95816.95,0.0102303333333333,287.63000000000005,0.9,-2.5,2.7777778e-05
2022-08-16 12:00:00,0.3,338.89933333333335,46.620000000000005,95850.0,0.0104609999999999,287.5316666666667,0.2,-2.0,8.333334e-05
2022-08-16 13:00:00,0.0,338.90933333333334,180.38266666666664,95886.95,0.0112305,288.9,-1.8,-0.0698333333333333,0.0
2022-08-16 14:00:00,0.0,338.92333333333335,312.00466666666665,95956.95,0.0118999999999999,290.73,-1.1391666666666669,-0.4088333333333334,0.0
2022-08-16 15:00:00,0.0,387.453,419.184,95976.95,0.0129301666666666,291.5683333333333,-0.3,-1.0,0.0
2022-08-16 16:00:00,0.0,387.494,545.9963333333334,95993.9,0.0136,294.4783333333334,1.9,-1.3305,0.0
2022-08-16 17:00:00,0.0,387.4963333333333,643.3548333333333,95986.95,0.0134304999999999,297.1,-0.7000000000000001,-1.3305,0.0
2022-08-16 18:00:00,0.0,405.7681666666667,721.5456666666668,95980.0,0.0138608333333333,297.36999999999995,-1.4,0.2305,0.0
2022-08-16 19:00:00,0.0,405.769,728.7436666666666,95956.95,0.0133215,298.5683333333333,-1.6000000000000003,0.4519999999999999,0.0
2022-08-16 20:00:00,0.0,405.769,699.1773333333334,95920.0,0.0131911666666666,298.77000000000004,-1.3088333333333333,-0.1911666666666666,0.0
2022-08-16 21:00:00,0.0,397.4148333333333,638.8591666666666,95926.95,0.0130216666666666,299.1,0.5783333333333334,0.2871666666666667,0.0
2022-08-16 22:00:00,0.0,397.4148333333333,523.159,95900.0,0.0130913333333333,299.70000000000005,0.0,0.0,0.0
2022-08-16 23:00:00,0.0,397.4015,382.2935,95883.9,0.012591,299.4683333333333,0.5086666666666666,-0.2303333333333333,0.0
2022-08-17 00:00:00,0.0,368.4845,200.27366666666668,95863.9,0.0130913333333333,299.4,0.0,0.0,0.0
2022-08-17 01:00:00,0.0,368.4565,93.7155,95856.95,0.0144128333333333,297.9,0.3046666666666667,-0.048,0.0
2022-08-17 02:00:00,0.0,368.4283333333333,0.0,95886.95,0.0139694999999999,295.45166666666665,-0.4000000000000001,1.3,0.0
2022-08-17 03:00:00,0.0,341.6238333333333,0.0,95926.95,0.0136999999999999,293.89000000000004,-0.8913333333333334,1.2393333333333334,0.0
2022-08-17 04:00:00,0.0,341.6238333333333,0.0,95926.95,0.0128303333333333,292.39000000000004,-1.2,2.1,0.0
2022-08-17 05:00:00,0.0,341.6238333333333,0.0,95906.95,0.0118,290.9916666666666,-1.9,1.7088333333333334,0.0
2022-08-17 06:00:00,0.0,335.4893333333333,0.0,95916.95,0.0115303333333333,290.39000000000004,-1.5,2.6,0.0
2022-08-17 07:00:00,0.0,335.47650000000004,0.0,95916.95,0.011,289.72166666666664,-0.9608333333333334,2.478333333333333,0.0
2022-08-17 08:00:00,0.0,335.47650000000004,0.0,95966.95,0.0098999999999999,288.12166666666667,-0.2303333333333333,1.1391666666666669,0.0
2022-08-17 09:00:00,0.0,328.05583333333334,0.0,95966.95,0.0097,287.63000000000005,-0.339,0.339,0.0
2022-08-17 10:00:00,0.0,328.033,0.0,95946.95,0.0112,288.69166666666666,1.0305,2.0086666666666666,0.0
2022-08-17 11:00:00,0.0,328.033,0.0,95926.95,0.0105304999999999,288.0316666666667,-0.9608333333333334,3.1695000000000007,0.0
2022-08-17 12:00:00,0.0,336.48483333333337,43.63883333333334,95946.95,0.0107,288.0683333333333,-1.721666666666667,2.478333333333333,0.0
2022-08-17 13:00:00,0.0,336.50516666666664,177.51666666666665,95956.95,0.0121606666666666,291.4,-0.6695000000000001,0.2393333333333333,0.0
2022-08-17 14:00:00,0.0,336.54466666666667,309.21816666666666,95996.95,0.0138608333333333,294.54,-0.4695,0.2393333333333333,0.0
2022-08-17 15:00:00,0.0,389.7681666666667,411.12716666666665,95996.95,0.0147608333333333,296.67,-0.2,-0.1,0.0
2022-08-17 16:00:00,0.0,389.7908333333333,536.1393333333333,95986.95,0.0148911666666666,299.0,0.1,1.9695,0.0
2022-08-17 17:00:00,0.0,389.8096666666667,632.1403333333334,96023.9,0.0149606666666666,299.0316666666667,3.260666666666667,1.6391666666666669,0.0
2022-08-17 18:00:00,0.0,417.2385,576.1586666666667,95956.95,0.015361,298.3,3.4,-0.1695,0.0
2022-08-17 19:00:00,0.0,417.2385,581.8455,95926.95,0.0144216666666666,299.13000000000005,3.1,0.5,0.0
2022-08-17 20:00:00,0.0,417.2385,558.0343333333334,95896.95,0.014752,298.6,2.269666666666667,0.9,0.0
2022-08-17 21:00:00,0.0,412.3681666666666,406.1861666666667,95886.95,0.0161911666666666,298.5,1.217666666666667,-2.060833333333333,0.0
2022-08-17 22:00:00,0.0,412.3681666666666,332.16900000000004,95816.95,0.0147911666666666,299.3,0.0698333333333333,-0.6911666666666667,0.0
2022-08-17 23:00:00,0.7818,412.3681666666666,242.138,95786.95,0.0155305,297.3233333333333,-0.5391666666666667,-3.8695,0.00021716666
2022-08-18 00:00:00,3.355719,402.8875000000001,124.89766666666668,95786.95,0.0142606666666666,298.1616666666667,0.1305,-1.5391666666666668,0.0009321442
2022-08-18 01:00:00,0.84713715,402.8853333333333,57.32483333333334,95743.9,0.0165216666666666,297.33,0.0,0.0,0.00023531588
2022-08-18 02:00:00,0.0,402.87549999999993,0.0,95763.9,0.0147999999999999,294.72166666666664,-0.1,-0.8695,0.0
2022-08-18 03:00:00,0.0,390.612,0.0,95756.95,0.0139909999999999,294.5316666666667,0.8390000000000001,-0.0431666666666666,0.0
2022-08-18 04:00:00,0.2306885,390.60100000000006,0.0,95726.95,0.0137608333333333,293.70000000000005,1.7393333333333334,-0.4000000000000001,6.408014e-05
2022-08-18 05:00:00,0.5075545,390.5846666666666,0.0,95726.95,0.0137913333333333,293.7616666666667,1.4,-2.8695,0.00014098735
2022-08-18 06:00:00,0.29244554,350.8631666666667,0.0,95706.95,0.0109913333333333,291.27000000000004,-0.8783333333333333,0.7433333333333333,8.123487e-05
2022-08-18 07:00:00,0.5055894,350.85550000000006,0.0,95673.9,0.0120606666666666,291.86999999999995,1.1,-2.6086666666666667,0.00014044151
2022-08-18 08:00:00,0.0,350.8445,0.0,95713.9,0.0122608333333333,292.20000000000005,2.7303333333333337,-2.0698333333333334,0.0
2022-08-18 09:00:00,0.0,348.3675,0.0,95686.95,0.0113305,290.77000000000004,1.5216666666666665,-1.278333333333333,0.0
2022-08-18 10:00:00,0.2306885,348.3675,0.0,95676.95,0.0118,290.2383333333334,1.6305000000000005,-1.7696666666666667,6.408014e-05
2022-08-18 11:00:00,0.51566356,348.366,0.0,95666.95,0.0113999999999999,289.8,3.0,-2.439166666666667,0.00014323989
2022-08-18 12:00:00,0.26958913,352.2755,32.04366666666667,95706.95,0.0113,289.8,2.5,-3.3000000000000003,7.4885866e-05
2022-08-18 13:00:00,0.0,352.2755,137.87250000000003,95716.95,0.0121303333333333,290.46,1.659,-3.2303333333333337,0.0
2022-08-18 14:00:00,0.0,352.2881666666667,241.953,95733.9,0.0123608333333333,291.6,2.760666666666667,-5.6610000000000005,0.0
2022-08-18 15:00:00,0.0,366.9705000000001,407.6573333333334,95716.95,0.0123303333333333,293.4,0.6,-5.4695,0.0
2022-08-18 16:00:00,0.0,366.9705000000001,532.2953333333334,95746.95,0.0121606666666666,294.4683333333333,0.5305000000000001,-3.608666666666666,0.0
2022-08-18 17:00:00,0.19160154,366.9846666666667,627.9585000000001,95736.95,0.0116608333333333,295.1,1.2,-5.400000000000001,5.322265e-05
2022-08-18 18:00:00,0.6,404.5271666666667,522.3151666666666,95693.9,0.0122608333333333,296.4,1.2,-5.608666666666667,0.00016666668
2022-08-18 19:00:00,0.12342338,404.5271666666667,527.3971666666666,95626.95,0.0120911666666666,296.9316666666667,2.8000000000000003,-5.6695,3.4284272e-05
2022-08-18 20:00:00,0.0,404.5271666666667,505.5615,95616.95,0.0107218333333333,296.36999999999995,1.3,-3.8695,0.0
2022-08-18 21:00:00,0.0,407.6045,417.987,95573.9,0.0103608333333333,297.56166666666667,4.4825,-2.6785,0.0
2022-08-18 22:00:00,0.1,407.6005,341.3588333333334,95757.83333333331,0.0131695,290.9916666666666,7.235166666666667,-0.9301666666666668,2.7777778e-05
2022-08-18 23:00:00,0.0,407.5955000000001,248.18616666666665,95683.9,0.0110304999999999,291.6616666666667,5.1000000000000005,-2.9301666666666666,0.0
2022-08-19 00:00:00,0.0,385.296,146.85166666666666,95666.95,0.0115,291.20000000000005,-0.1391666666666667,-2.1305,0.0
2022-08-19 01:00:00,0.0,385.296,66.00666666666666,95683.9,0.0116,290.33,0.7393333333333333,-2.8305,0.0
2022-08-19 02:00:00,0.3,385.2716666666667,0.0,95656.95,0.0113999999999999,289.6,1.9,-3.269666666666667,8.333334e-05
2022-08-19 03:00:00,0.0,353.4348333333333,0.0,95676.95,0.0110999999999999,288.9,1.5391666666666668,-2.5,0.0
2022-08-19 04:00:00,0.2,353.4348333333333,0.0,95726.95,0.0105,287.9316666666667,1.1,-1.2696666666666667,5.5555556e-05
2022-08-19 05:00:00,0.3,353.4348333333333,0.0,95706.95,0.0107,288.3,1.4,-2.1,8.333334e-05
2022-08-19 06:00:00,0.0,331.2828333333334,0.0,95716.95,0.0107999999999999,288.4316666666667,1.608666666666667,-3.9695,0.0
2022-08-19 07:00:00,0.0,331.2828333333334,0.0,95716.95,0.0107,288.33,1.2,-3.2000000000000006,0.0
2022-08-19 08:00:00,0.3,331.25416666666666,0.0,95723.9,0.0106,288.20000000000005,1.5086666666666666,-3.691166666666666,8.333334e-05
2022-08-19 09:00:00,0.0,330.16816666666665,0.0,95733.9,0.0103,287.4683333333333,0.7000000000000001,-3.9,0.0
2022-08-19 10:00:00,0.2,330.16816666666665,0.0,95736.95,0.0103,287.5,0.7000000000000001,-3.1305,5.5555556e-05
2022-08-19 11:00:00,0.3,330.16816666666665,0.0,95783.9,0.0102303333333333,287.5,0.5,-2.7000000000000006,8.333334e-05
2022-08-19 12:00:00,0.0,370.78966666666673,25.13116666666667,95823.9,0.0105,287.70000000000005,1.0,-3.3000000000000003,0.0
2022-08-19 13:00:00,0.0,370.8141666666667,114.74983333333334,95883.9,0.0112305,289.0683333333333,0.5,-4.3,0.0
2022-08-19 14:00:00,0.0,370.8295,202.86916666666664,95903.9,0.0119304999999999,290.0,-1.6000000000000003,-4.7,0.0
2022-08-19 15:00:00,0.0,396.3835000000001,297.09916666666663,95946.95,0.0123303333333333,291.27000000000004,-1.9088333333333327,-5.0,0.0
2022-08-19 16:00:00,0.0,396.40216666666674,388.4213333333334,95966.95,0.0127606666666666,291.67,-2.4,-3.691166666666666,0.0
2022-08-19 17:00:00,0.0,396.4245000000001,458.5028333333334,95966.95,0.0127304999999999,294.36999999999995,-4.0,-4.8,0.0
2022-08-19 18:00:00,0.0,386.7998333333333,668.0283333333333,95953.9,0.0126305,295.3,-3.1086666666666667,-5.5305,0.0
2022-08-19 19:00:00,0.0,386.7998333333333,674.4843333333333,95946.95,0.0122608333333333,296.36999999999995,-2.8000000000000003,-4.3,0.0
2022-08-19 20:00:00,0.0,386.8085,646.3206666666666,95943.9,0.0127911666666666,296.4683333333333,-3.239333333333333,-3.5,0.0
2022-08-19 21:00:00,0.0,389.7513333333334,593.9925,95926.95,0.0121606666666666,297.36999999999995,-3.769666666666667,-2.7000000000000006,0.0
2022-08-19 22:00:00,0.0,389.73333333333335,484.3726666666667,95916.95,0.0119608333333333,297.93833333333333,-3.5,-3.8,0.0
2022-08-19 23:00:00,0.0,389.73333333333335,351.2,95896.95,0.0112215,297.2383333333334,-3.5,-2.8000000000000003,0.0
2022-08-20 00:00:00,0.0,360.6706666666667,186.85283333333336,95893.9,0.0119215,296.20000000000005,-3.4695,-1.7393333333333334,0.0
2022-08-20 01:00:00,0.0,360.6545,82.12766666666666,95936.95,0.0119215,294.62166666666667,-2.4,-0.6,0.0
2022-08-20 02:00:00,0.0,360.6458333333333,0.0,96006.95,0.0117,291.5516666666667,-2.1,-0.7000000000000001,0.0
2022-08-20 03:00:00,0.0,332.1895,0.0,96033.9,0.0110999999999999,290.39000000000004,-2.8000000000000003,-1.7,0.0
2022-08-20 04:00:00,0.0,332.16083333333336,0.0,96043.9,0.0101696666666666,289.0216666666667,-2.6086666666666667,-0.9608333333333334,0.0
2022-08-20 05:00:00,0.0,332.16083333333336,0.0,96066.95,0.01,287.9916666666666,-2.8000000000000003,-0.7696666666666667,0.0
2022-08-20 06:00:00,0.0,323.02683333333334,0.0,96056.95,0.0100695,287.2616666666667,-1.0,0.4000000000000001,0.0
2022-08-20 07:00:00,0.0,323.01916666666665,0.0,96056.95,0.0090304999999999,285.5316666666667,-1.2,-0.161,0.0
2022-08-20 08:00:00,0.0,323.0156666666667,0.0,96056.95,0.0084695,284.86999999999995,-1.0521666666666667,0.7091666666666666,0.0
2022-08-20 09:00:00,0.0,318.7221666666667,0.0,96086.95,0.0076,283.36999999999995,-2.239333333333333,0.9176666666666669,0.0
2022-08-20 10:00:00,0.0,318.72183333333334,0.0,96086.95,0.0078999999999999,283.4,0.9088333333333334,-1.0,0.0
2022-08-20 11:00:00,0.0,318.72183333333334,0.0,96126.95,0.008,283.77000000000004,2.1695,-0.7606666666666667,0.0
2022-08-20 12:00:00,0.0,328.01533333333333,34.6835,96166.95,0.0070999999999999,281.4,1.0698333333333334,-0.9,0.0
2022-08-20 13:00:00,0.0,328.03816666666665,169.41666666666669,96176.95,0.0089608333333333,285.3,0.9695,1.2,0.0
2022-08-20 14:00:00,0.0,328.0565,301.8783333333334,96166.95,0.0102303333333333,288.9683333333333,0.7000000000000001,0.1,0.0
2022-08-20 15:00:00,0.0,370.4015,420.4411666666667,96166.95,0.0104305,292.9,0.0,0.0,0.0
2022-08-20 16:00:00,0.0,370.4225,550.3688333333333,96163.9,0.0109608333333333,295.27000000000004,0.3,-0.8305000000000001,0.0
2022-08-20 17:00:00,0.0,370.4401666666667,650.029,96153.9,0.0107695,296.4,-0.7000000000000001,-0.339,0.0
2022-08-20 18:00:00,0.0,388.886,715.8294999999999,96116.95,0.0106305,296.8,-0.7696666666666667,-0.9,0.0
2022-08-20 19:00:00,0.0,388.886,722.6055,96096.95,0.0105214999999999,297.0316666666667,-1.0,-0.3695,0.0
2022-08-20 20:00:00,0.0,388.886,692.1156666666666,96066.95,0.0101913333333333,297.63000000000005,-0.4000000000000001,1.1,0.0
2022-08-20 21:00:00,0.0,386.15316666666666,627.095,96046.95,0.0097305,298.0316666666667,1.0,0.4000000000000001,0.0
2022-08-20 22:00:00,0.0,386.13866666666667,510.6176666666667,96003.9,0.0105304999999999,297.9316666666667,-0.6086666666666667,-0.1305,0.0
2022-08-20 23:00:00,0.0,386.15316666666666,369.2343333333333,95983.9,0.0102303333333333,297.73,-0.1,0.3,0.0
2022-08-21 00:00:00,0.0,361.5820000000001,185.56733333333327,95950.0,0.0106606666666666,296.9316666666667,0.2783333333333334,1.5608333333333333,0.0
2022-08-21 01:00:00,0.0,361.56666666666666,79.64433333333334,95926.95,0.0119608333333333,295.5216666666667,-0.3215,2.1695,0.0
2022-08-21 02:00:00,0.0,361.5446666666666,0.0,95903.9,0.0114695,292.4216666666667,-2.269666666666667,1.1478333333333337,0.0
2022-08-21 03:00:00,0.0,341.1711666666667,0.0,95916.95,0.0105304999999999,290.65333333333336,-1.4,1.9783333333333333,0.0
2022-08-21 04:00:00,0.0,341.1711666666667,0.0,95926.95,0.0099305,288.65333333333336,-1.9,1.1391666666666669,0.0
2022-08-21 05:00:00,0.0,341.16083333333336,0.0,95916.95,0.0094608333333333,287.45166666666665,-1.4,2.439166666666667,0.0
2022-08-21 06:00:00,0.0,335.3485,0.0,95906.95,0.0096608333333333,287.22166666666664,-0.9,3.239333333333333,0.0
2022-08-21 07:00:00,0.0,335.3485,0.0,95896.95,0.0106,287.4916666666666,-1.0,2.4088333333333334,0.0
2022-08-21 08:00:00,0.0,335.33383333333336,0.0,95903.9,0.0096695,287.28333333333336,-0.7000000000000001,2.439166666666667,0.0
2022-08-21 09:00:00,0.0,331.21316666666667,0.0,95886.95,0.0096,287.4216666666667,-0.6,3.3000000000000003,0.0
2022-08-21 10:00:00,0.0,331.21316666666667,0.0,95886.95,0.0101608333333333,289.4316666666667,-1.1609999999999998,3.439166666666667,0.0
2022-08-21 11:00:00,0.0,331.2,0.0,95873.9,0.0102698333333333,288.7616666666667,-1.2,3.439166666666667,0.0
2022-08-21 12:00:00,0.0,337.85766666666666,31.34166666666667,95840.0,0.0104,289.0683333333333,-0.1,4.139166666666667,0.0
2022-08-21 13:00:00,0.0,337.8966666666667,165.08450000000002,95866.95,0.0114303333333333,290.70000000000005,0.7696666666666667,2.339,0.0
2022-08-21 14:00:00,0.0,337.9028333333333,296.5015,95876.95,0.0129301666666666,294.13000000000005,1.6000000000000003,4.039166666666667,0.0
2022-08-21 15:00:00,0.0,383.089,407.6673333333333,95876.95,0.0129608333333333,296.1616666666667,2.3913333333333333,1.8913333333333333,0.0
2022-08-21 16:00:00,0.0,383.1235,534.3561666666667,95896.95,0.0128303333333333,296.83,2.161,2.1,0.0
2022-08-21 17:00:00,0.0,383.1235,631.4863333333334,95886.95,0.0134304999999999,297.96,2.8000000000000003,2.1695,0.0
2022-08-21 18:00:00,0.0,406.8165000000001,699.6616666666667,95883.9,0.0129301666666666,299.23,1.2303333333333333,1.5,0.0
2022-08-21 19:00:00,0.0,406.8165000000001,706.1931666666666,95866.95,0.0124911666666666,300.5,0.4913333333333334,1.2606666666666666,0.0
2022-08-21 20:00:00,0.0,406.8165000000001,676.0756666666667,95823.9,0.0122913333333333,301.23,1.3695000000000002,1.4913333333333334,0.0
2022-08-21 21:00:00,0.0,405.778,615.831,95803.9,0.011861,302.23,1.2303333333333333,0.3,0.0
2022-08-21 22:00:00,0.0,405.7765,500.6548333333333,95786.95,0.0115303333333333,301.83,1.6628333333333334,1.4,0.0
2022-08-21 23:00:00,0.0,405.7765,361.0058333333333,95786.95,0.0113305,301.83,0.8000000000000002,1.0608333333333333,0.0
2022-08-22 00:00:00,0.0,377.64833333333337,180.9965,95773.9,0.0125305,300.39000000000004,-0.8695,0.6305,0.0
2022-08-22 01:00:00,0.0,377.6336666666666,75.69766666666666,95776.95,0.0133305,297.25333333333333,-0.8000000000000002,0.2,0.0
2022-08-22 02:00:00,0.0,377.6230000000001,0.0,95786.95,0.0131999999999999,294.75333333333333,-1.1305000000000005,-0.8305000000000001,0.0
2022-08-22 03:00:00,0.0,354.60216666666673,0.0,95816.95,0.0131304999999999,292.7916666666667,-2.4,0.7000000000000001,0.0
2022-08-22 04:00:00,0.0,354.5835,0.0,95823.9,0.0130303333333333,292.4216666666667,-1.0608333333333333,1.8,0.0
2022-08-22 05:00:00,0.0,354.56916666666666,0.0,95806.95,0.0126305,291.5316666666667,-1.2,1.8,0.0
2022-08-22 06:00:00,0.0,347.7188333333333,0.0,95836.95,0.0118,291.19166666666666,-0.7000000000000001,2.269666666666667,0.0
2022-08-22 07:00:00,0.0,347.7188333333333,0.0,95853.9,0.0113305,291.3233333333333,-0.7000000000000001,3.0391666666666666,0.0
2022-08-22 08:00:00,0.0,347.7,0.0,95836.95,0.0116608333333333,291.0516666666667,0.1305,3.0391666666666666,0.0
2022-08-22 09:00:00,0.0,346.8005,0.0,95836.95,0.0112305,290.9316666666667,0.9,2.9088333333333334,0.0
2022-08-22 10:00:00,0.0,346.78116666666665,0.0,95863.9,0.0113305,290.46,-1.9958333333333336,0.6825000000000001,0.0
2022-08-22 11:00:00,0.0,346.78116666666665,0.0,95856.95,0.0103608333333333,289.73,-2.2,0.8000000000000002,0.0
2022-08-22 12:00:00,0.0,359.77700000000004,22.5425,95856.95,0.0109303333333333,289.3233333333333,-2.3783333333333334,1.1305000000000005,0.0
2022-08-22 13:00:00,0.0,359.80266666666665,129.14016666666666,95866.95,0.0111305,290.86999999999995,-2.269666666666667,0.1305,0.0
2022-08-22 14:00:00,0.0,359.8398333333333,233.879,95903.9,0.011861,293.33,-2.8000000000000003,-1.2606666666666666,0.0
2022-08-22 15:00:00,0.0,402.145,307.464,95923.9,0.013,294.7616666666667,-3.3000000000000003,-1.0,0.0
2022-08-22 16:00:00,0.0,402.16,403.5,95923.9,0.0135606666666666,296.19166666666666,-5.0,0.2393333333333333,0.0
2022-08-22 17:00:00,0.0,402.19433333333336,477.1306666666667,95906.95,0.013261,298.20000000000005,-5.1305000000000005,0.6478333333333334,0.0
2022-08-22 18:00:00,0.0,423.1693333333333,496.4171666666666,95886.95,0.0138608333333333,299.23,-4.8,-0.3,0.0
2022-08-22 19:00:00,0.0,423.1693333333333,500.99233333333336,95873.9,0.0136913333333333,300.23,-5.5,-0.9913333333333334,0.0
2022-08-22 20:00:00,0.5279465,423.1693333333333,479.39016666666674,95856.95,0.0135606666666666,300.9,-4.860833333333333,-0.5216666666666667,0.0001466518
2022-08-22 21:00:00,0.5279465,421.17300000000006,349.551,95846.95,0.0135913333333333,300.8,-6.4695,-1.6610000000000005,0.0001466518
2022-08-22 22:00:00,0.54612976,421.1590000000001,283.73650000000004,95813.9,0.0127606666666666,299.9,-5.269666666666667,0.0,0.00015170271
2022-08-22 23:00:00,0.0,421.125,204.0215,95786.95,0.0129608333333333,299.73,-4.9,-0.4000000000000001,0.0
2022-08-23 00:00:00,0.0,395.1458333333333,106.823,95766.95,0.0144086666666666,299.1616666666667,-4.248,-0.7000000000000001,0.0
2022-08-23 01:00:00,0.0,395.1408333333334,43.45766666666668,95786.95,0.0163218333333333,296.6616666666667,-4.3,-0.3913333333333333,0.0
2022-08-23 02:00:00,0.0,395.124,0.0,95783.9,0.0156913333333333,294.1616666666667,-4.569833333333333,-1.4,0.0
2022-08-23 03:00:00,0.0,380.5773333333333,0.0,95826.95,0.0154305,293.86999999999995,-4.850666666666666,-1.2,0.0
2022-08-23 04:00:00,0.0,380.5593333333333,0.0,95846.95,0.013961,292.5316666666667,-3.608666666666666,-1.0,0.0
2022-08-23 05:00:00,0.0,380.5593333333333,0.0,95843.9,0.0140305,292.6,-2.769666666666667,0.2,0.0
2022-08-23 06:00:00,0.0,359.4286666666667,0.0,95826.95,0.0136301666666666,292.33,-4.578333333333334,0.5,0.0
2022-08-23 07:00:00,0.0,359.4286666666667,0.0,95796.95,0.0141304999999999,292.4683333333333,-3.1695000000000007,0.6391666666666667,0.0
2022-08-23 08:00:00,0.0,359.4248333333333,0.0,95753.9,0.0142303333333333,292.1,-2.560833333333333,0.6,0.0
2022-08-23 09:00:00,0.0,371.4426666666666,0.0,95706.95,0.0136,291.23,-2.439166666666667,0.8000000000000002,0.0
2022-08-23 10:00:00,0.0,371.4426666666666,0.0,95676.95,0.0126999999999999,290.63000000000005,-1.9,0.8000000000000002,0.0
2022-08-23 11:00:00,0.0,371.4426666666666,0.0,95686.95,0.0123303333333333,290.4,-2.0698333333333334,1.3088333333333333,0.0
2022-08-23 12:00:00,0.0,385.8,13.856500000000002,95666.95,0.0119304999999999,289.54,-2.7000000000000006,0.4000000000000001,0.0
2022-08-23 13:00:00,0.1,385.8,87.29716666666666,95673.9,0.0131304999999999,291.5,-4.008666666666667,-0.4608333333333334,2.7777778e-05
2022-08-23 14:00:00,0.08459866,385.8,159.4515,95666.95,0.0135303333333333,293.1,-4.708833333333334,0.6391666666666667,2.3499628e-05
2022-08-23 15:00:00,0.0,406.0921666666666,222.1685,95673.9,0.0133911666666666,295.20000000000005,-4.3305,2.769666666666667,0.0
2022-08-23 16:00:00,0.0,406.1133333333334,292.02983333333333,95646.95,0.0131999999999999,297.4916666666666,-2.6086666666666667,2.4,0.0
2022-08-23 17:00:00,0.40639696,406.11550000000005,345.53000000000003,95643.9,0.0126389999999999,298.9916666666666,-1.9783333333333333,1.152,0.00011288805
2022-08-23 18:00:00,0.0,407.114,346.8254999999999,95616.95,0.0113695,299.9916666666666,-2.0871666666666666,2.4520000000000004,0.0
2022-08-23 19:00:00,0.0,407.114,349.94283333333334,95556.95,0.0122218333333333,300.89000000000004,-1.2393333333333334,3.8,0.0
2022-08-23 20:00:00,0.0,407.114,334.68416666666667,95566.95,0.0127606666666666,299.4916666666666,-5.739333333333334,-0.1695,0.0
2022-08-23 21:00:00,0.4400867,380.4025,537.7995000000001,95493.9,0.0119911666666666,299.6616666666667,-4.8,-2.4913333333333334,0.0001222463
2022-08-23 22:00:00,2.1426654,380.4025,435.8711666666666,95520.86666666664,0.0122303333333333,298.3816666666667,-2.456166666666667,-3.1398333333333333,0.0005951848
2022-08-23 23:00:00,2.9472597,380.4025,312.4375,95523.9,0.0123,291.36999999999995,-5.021666666666667,-3.2433333333333336,0.00081868324
2022-08-24 00:00:00,6.920738,349.5028333333333,170.57,95673.9,0.0126608333333333,291.96,-2.6086666666666667,0.5823333333333334,0.0019224273
2022-08-24 01:00:00,1.1716805,349.4766666666667,67.34433333333334,95686.95,0.0120606666666666,291.23,-0.1,-3.9,0.0003254668
2022-08-24 02:00:00,2.1316884,349.4758333333334,0.0,95843.9,0.0116303333333333,289.8,-1.7,-3.3913333333333333,0.00059213565
2022-08-24 03:00:00,0.82687616,335.04,0.0,95916.95,0.0118304999999999,289.70000000000005,-3.6695000000000007,-2.8088333333333337,0.00022968782
2022-08-24 04:00:00,0.0,335.0315,0.0,95963.9,0.0114303333333333,289.3,-3.739333333333333,-2.8000000000000003,0.0
2022-08-24 05:00:00,0.3662154,335.0315,0.0,95996.95,0.0112,289.20000000000005,-3.5698333333333334,-2.0911666666666666,0.0001017265
2022-08-24 06:00:00,0.37089294,336.69250000000005,0.0,96006.95,0.0108303333333333,288.63000000000005,-3.339,-1.4,0.00010302581
2022-08-24 07:00:00,0.0,336.69250000000005,0.0,95986.95,0.0106305,288.4,-2.8913333333333333,-2.9,0.0
2022-08-24 08:00:00,2.1316884,336.6915,0.0,96013.9,0.0105304999999999,288.27000000000004,-2.6,-3.0698333333333334,0.00059213565
2022-08-24 09:00:00,0.8161748,335.0756666666667,0.0,96063.9,0.0104305,288.0316666666667,-3.3000000000000003,-2.7000000000000006,0.00022671523
2022-08-24 10:00:00,0.0,335.0756666666667,0.0,96083.9,0.0106305,288.17,-3.1,-3.239333333333333,0.0
2022-08-24 11:00:00,0.3662154,335.0756666666667,0.0,96143.9,0.0103,287.70000000000005,-1.2606666666666666,-2.060833333333333,0.0001017265
2022-08-24 12:00:00,0.36343282,368.8125,14.201833333333337,96196.95,0.0102303333333333,287.46,-1.1255,-2.4695,0.00010095356
2022-08-24 13:00:00,0.0,368.8275,100.17233333333331,96246.95,0.0098304999999999,287.4,-1.2,-2.9,0.0
2022-08-24 14:00:00,0.0,368.8275,184.603,96326.95,0.0103608333333333,288.0316666666667,-1.6000000000000003,-3.0,0.0
2022-08-24 15:00:00,0.0,389.677,274.05316666666664,96366.95,0.0106606666666666,289.0,-2.3695,-3.3000000000000003,0.0
2022-08-24 16:00:00,0.0,389.677,360.6165,96393.9,0.0109608333333333,289.8,-1.8,-3.639166666666666,0.0
2022-08-24 17:00:00,0.0,389.70150000000007,426.9041666666667,96416.95,0.0102608333333333,290.86999999999995,-3.1,-3.7000000000000006,0.0
2022-08-24 18:00:00,0.0,385.9845,523.5118333333334,96406.95,0.0109608333333333,291.83,-2.3695,-4.6000000000000005,0.0
2022-08-24 19:00:00,0.0,385.9845,528.1511666666667,96423.9,0.0109608333333333,292.1,-4.0,-1.9,0.0
2022-08-24 20:00:00,0.0,385.9981666666667,504.9028333333333,96396.95,0.0112911666666666,292.1,-3.8305,-2.4,0.0
2022-08-24 21:00:00,0.0,400.1541666666667,455.08,96386.95,0.0108303333333333,293.20000000000005,-1.7,-2.6,0.0
2022-08-24 22:00:00,0.0,400.1423333333334,368.183,96356.95,0.011191,293.36999999999995,-1.7088333333333334,-1.6000000000000003,0.0
2022-08-24 23:00:00,0.0,400.1423333333334,263.0796666666667,96353.9,0.0105304999999999,293.13000000000005,-2.269666666666667,-2.3000000000000003,0.0
2022-08-25 00:00:00,0.0,380.8991666666666,148.35133333333334,96366.95,0.0106606666666666,292.6,-2.1695,-2.3088333333333333,0.0
2022-08-25 01:00:00,0.0,380.8803333333333,56.70216666666666,96366.95,0.0108218333333333,291.5683333333333,-2.0,-1.6785000000000003,0.0
2022-08-25 02:00:00,0.0,380.87283333333335,0.0,96376.95,0.0101999999999999,289.13000000000005,-1.8088333333333333,-1.2,0.0
2022-08-25 03:00:00,0.0,327.5316666666667,0.0,96386.95,0.0098999999999999,287.2916666666667,-1.9695,-0.8000000000000002,0.0
2022-08-25 04:00:00,0.0,327.5313333333333,0.0,96426.95,0.0092305,286.2916666666667,-1.3,-0.2,0.0
2022-08-25 05:00:00,0.0,327.5313333333333,0.0,96443.9,0.0088303333333333,285.6616666666667,-1.0,0.3695,0.0
2022-08-25 06:00:00,0.0,306.61283333333336,0.0,96463.9,0.0084999999999999,284.4916666666666,-1.7,0.7088333333333333,0.0
2022-08-25 07:00:00,0.0,306.61283333333336,0.0,96456.95,0.0081608333333333,283.9,-1.9,0.8000000000000002,0.0
2022-08-25 08:00:00,0.0,306.61283333333336,0.0,96446.95,0.0075608333333333,282.8616666666667,-0.6695000000000001,0.3088333333333333,0.0
2022-08-25 09:00:00,0.0,316.5741666666667,0.0,96456.95,0.0076999999999999,282.9316666666667,-0.0698333333333333,0.1086666666666666,0.0
2022-08-25 10:00:00,0.0,316.5741666666667,0.0,96466.95,0.0073,282.20000000000005,-0.3,0.0698333333333333,0.0
2022-08-25 11:00:00,0.0,316.5725,0.0,96436.95,0.0070304999999999,281.4316666666667,-0.2696666666666666,0.2,0.0
2022-08-25 12:00:00,0.0,334.67766666666665,17.973166666666668,96456.95,0.0067303333333333,281.06166666666667,1.6610000000000005,1.3676666666666666,0.0
2022-08-25 13:00:00,0.0,334.6863333333333,144.37566666666666,96460.0,0.0077608333333333,283.73,1.1231666666666669,0.9391666666666666,0.0
2022-08-25 14:00:00,0.0,334.713,268.45733333333334,96466.95,0.0094,286.0316666666667,1.7393333333333334,0.9695,0.0
2022-08-25 15:00:00,0.0,353.39783333333327,396.1878333333334,96456.95,0.0105304999999999,289.0,2.0086666666666666,1.5,0.0
2022-08-25 16:00:00,0.0,353.417,522.0318333333333,96466.95,0.0111305,291.70000000000005,2.3913333333333333,-0.6391666666666667,0.0
2022-08-25 17:00:00,0.0,353.4348333333333,618.3905,96416.95,0.0112608333333333,293.17,3.1911666666666663,-0.2,0.0
2022-08-25 18:00:00,0.0,360.6415,702.7826666666666,96370.0,0.0109913333333333,294.2383333333334,3.3695,-0.3,0.0
2022-08-25 19:00:00,0.0,360.6423333333334,708.87,96320.0,0.0103911666666666,295.27000000000004,4.008666666666667,-0.7911666666666667,0.0
2022-08-25 20:00:00,0.0,360.6423333333334,677.2980000000001,96280.0,0.0098214999999999,296.1383333333334,3.0391666666666666,-0.8913333333333334,0.0
2022-08-25 21:00:00,0.0,356.1321666666667,611.9455,96200.0,0.0095825,296.90833333333336,2.3608333333333333,-0.9088333333333334,0.0
2022-08-25 22:00:00,0.0,356.1321666666667,494.2296666666666,96166.95,0.009613,297.1766666666667,2.6086666666666667,0.7738333333333333,0.0
2022-08-25 23:00:00,0.0,356.1135,352.01216666666664,96126.95,0.0101521666666666,296.61000000000007,3.5391666666666666,-0.5481666666666667,0.0
2022-08-26 00:00:00,0.0,333.5245,167.85533333333333,96096.95,0.0111433333333333,295.9783333333334,1.5871666666666666,1.0431666666666668,0.0
2022-08-26 01:00:00,0.0,333.4775,61.93016666666667,96066.95,0.0121823333333333,294.06166666666667,1.8695,1.0216666666666667,0.0
2022-08-26 02:00:00,0.0,333.45116666666667,0.0,96086.95,0.0111305,291.19166666666666,1.9301666666666664,1.608666666666667,0.0
2022-08-26 03:00:00,0.0,312.638,0.0,96096.95,0.0104,289.3616666666667,2.0,1.8,0.0
2022-08-26 04:00:00,0.0,312.629,0.0,96090.0,0.0101999999999999,288.2916666666667,1.6000000000000003,1.9088333333333327,0.0
2022-08-26 05:00:00,0.0,312.6286666666667,0.0,96046.95,0.0095,287.3616666666667,0.6,1.4391666666666667,0.0
2022-08-26 06:00:00,0.0,306.66816666666665,0.0,96046.95,0.0093,287.19166666666666,1.7,3.0,0.0
2022-08-26 07:00:00,0.0,306.66816666666665,0.0,96006.95,0.0089,286.33,1.8695,2.3000000000000003,0.0
2022-08-26 08:00:00,0.0,306.65566666666666,0.0,95966.95,0.0087,286.23,2.0086666666666666,1.5391666666666668,0.0
2022-08-26 09:00:00,0.0,302.5166666666667,0.0,95936.95,0.0087999999999999,285.9,1.9391666666666667,2.439166666666667,0.0
2022-08-26 10:00:00,0.0,302.49783333333335,0.0,95926.95,0.0086,285.8,1.7,3.1086666666666667,0.0
2022-08-26 11:00:00,0.0,302.49783333333335,0.0,95916.95,0.0084999999999999,285.70000000000005,0.8000000000000002,3.639166666666666,0.0
2022-08-26 12:00:00,0.0,313.41266666666667,16.055666666666667,95856.95,0.0081999999999999,285.1,0.0391666666666666,2.708833333333333,0.0
2022-08-26 13:00:00,0.0,313.41266666666667,150.892,95856.95,0.0086303333333333,286.5683333333333,-0.0698333333333333,2.8000000000000003,0.0
2022-08-26 14:00:00,0.0,313.45283333333333,283.19216666666665,95856.95,0.0099911666666666,289.86999999999995,-0.161,3.608666666666666,0.0
2022-08-26 15:00:00,0.0,359.4433333333333,402.8048333333333,95806.95,0.0102303333333333,293.20000000000005,1.0086666666666666,3.1391666666666667,0.0
2022-08-26 16:00:00,0.0,359.5216666666667,531.4976666666666,95763.9,0.0106,296.1,0.5305000000000001,2.939166666666667,0.0
2022-08-26 17:00:00,0.0,359.5216666666667,629.9748333333333,95716.95,0.0095913333333333,296.4683333333333,0.9,3.908833333333333,0.0
2022-08-26 18:00:00,0.0,378.1578333333334,691.9178333333333,95676.95,0.0099305,297.27000000000004,0.5,3.5,0.0
2022-08-26 19:00:00,0.0,378.1578333333334,697.7876666666666,95576.95,0.0092911666666666,298.17,0.9,3.3608333333333333,0.0
2022-08-26 20:00:00,0.0,378.1578333333334,666.322,95526.95,0.0102216666666666,298.77000000000004,-0.6695000000000001,2.939166666666667,0.0
2022-08-26 21:00:00,0.0,373.3418333333333,599.6135,95426.95,0.0101913333333333,298.8,-1.2,3.6,0.0
2022-08-26 22:00:00,0.0,373.3401666666667,483.4176666666667,95366.95,0.0107218333333333,298.54,-1.0,4.5305,0.0
2022-08-26 23:00:00,0.0,373.3278333333333,343.144,95326.95,0.0104215,297.6383333333334,-1.9,3.9,0.0
2022-08-27 00:00:00,0.0,345.24950000000007,161.24333333333334,95276.95,0.0106911666666666,296.3383333333333,-1.8305,3.5698333333333334,0.0
2022-08-27 01:00:00,0.0,345.2286666666667,57.257000000000005,95196.95,0.009791,293.63000000000005,-1.8,3.5086666666666666,0.0
2022-08-27 02:00:00,0.0,345.17300000000006,0.0,95160.0,0.0100606666666666,291.20000000000005,-2.7000000000000006,4.2,0.0
2022-08-27 03:00:00,0.0,322.67383333333333,0.0,95156.95,0.0090695,290.1,-0.7000000000000001,5.108666666666667,0.0
2022-08-27 04:00:00,0.0,322.67300000000006,0.0,95176.95,0.0084305,288.70000000000005,-0.1,4.348,0.0
2022-08-27 05:00:00,0.0,322.67150000000004,0.0,95146.95,0.0086303333333333,288.63000000000005,-0.2303333333333333,6.908833333333334,0.0
2022-08-27 06:00:00,0.0,315.3458333333333,0.0,95036.95,0.0087999999999999,287.9,0.9391666666666666,4.939166666666667,0.0
2022-08-27 07:00:00,0.0,315.34566666666666,0.0,94976.95,0.0087999999999999,287.0,0.2,3.2000000000000006,0.0
2022-08-27 08:00:00,0.0,315.3288333333333,0.0,94836.95,0.0087303333333333,285.5,-1.8,2.5698333333333334,0.0
2022-08-27 09:00:00,0.0,316.2745,0.0,94676.95,0.0085304999999999,285.73,0.3,3.3088333333333337,0.0
2022-08-27 10:00:00,0.0,316.2745,0.0,94596.95,0.0087303333333333,286.8,-1.7088333333333334,5.488666666666667,0.0
2022-08-27 11:00:00,0.0,316.271,0.0,94593.9,0.0095303333333333,286.4,0.9,3.447833333333333,0.0
2022-08-27 12:00:00,0.1,329.35516666666666,12.060666666666668,94526.95,0.0095,286.0,0.0,4.3,2.7777778e-05
2022-08-27 13:00:00,0.5,329.4025,137.97683333333336,94486.95,0.0099305,286.9,-0.2871666666666667,2.8345,0.00013888889
2022-08-27 14:00:00,0.2,329.41,261.483,94436.95,0.0103608333333333,289.3,2.7000000000000006,4.760666666666666,5.5555556e-05
2022-08-27 15:00:00,0.0,375.6023333333333,316.9433333333333,94396.95,0.0107303333333333,290.93833333333333,1.1086666666666665,4.8305,0.0
2022-08-27 16:00:00,0.0,375.6191666666667,418.78116666666665,94336.95,0.0109303333333333,293.13000000000005,0.2,5.591166666666666,0.0
2022-08-27 17:00:00,0.0,375.6380000000001,496.66,94280.0,0.0116608333333333,294.77000000000004,1.0,4.730333333333333,0.0
2022-08-27 18:00:00,0.0,397.6673333333333,625.5918333333334,94206.95,0.0118909999999999,296.4683333333333,1.5,3.439166666666667,0.0
2022-08-27 19:00:00,0.0,397.6811666666667,630.7656666666667,94136.95,0.0123913333333333,297.9,2.6,4.6000000000000005,0.0
2022-08-27 20:00:00,0.0,397.6976666666667,601.9716666666667,94076.95,0.0132214999999999,299.17,2.5,5.900000000000001,0.0
2022-08-27 21:00:00,0.0,404.1471666666667,431.33833333333337,94036.95,0.0121218333333333,300.5683333333333,2.8305,5.839000000000001,0.0
2022-08-27 22:00:00,0.0,404.1471666666667,347.1555,93986.95,0.0119215,301.7383333333334,4.639166666666667,3.439166666666667,0.0
2022-08-27 23:00:00,0.0,404.1293333333333,245.564,93946.95,0.0120824999999999,301.34666666666664,2.8783333333333334,3.208833333333333,0.0
2022-08-28 00:00:00,0.0,357.5651666666667,156.0855,93926.95,0.0117735,300.11000000000007,1.748,2.539166666666667,0.0
2022-08-28 01:00:00,0.0,357.5421666666666,53.122166666666665,93926.95,0.012752,297.8616666666667,0.1,1.7,0.0
2022-08-28 02:00:00,0.0,357.51916666666665,0.0,93946.95,0.0122608333333333,294.62166666666667,-0.0698333333333333,2.1695,0.0
2022-08-28 03:00:00,0.0,334.201,0.0,93930.0,0.0118,292.4316666666667,-0.9695,2.9088333333333334,0.0
2022-08-28 04:00:00,0.0,334.17633333333333,0.0,93906.95,0.0115,291.33,-0.3,2.6086666666666667,0.0
2022-08-28 05:00:00,0.0,334.162,0.0,93873.9,0.0106305,290.6,-0.7696666666666667,3.848,0.0
2022-08-28 06:00:00,0.0,325.6845,0.0,93853.9,0.0104305,291.4916666666666,-0.4000000000000001,3.717666666666666,0.0
2022-08-28 07:00:00,0.0,325.6845,0.0,93836.95,0.0098304999999999,291.5316666666667,0.2088333333333333,5.3175,0.0
2022-08-28 08:00:00,0.0,325.6845,0.0,93860.0,0.0094303333333333,290.6616666666667,1.3088333333333333,5.017500000000001,0.0
2022-08-28 09:00:00,0.0,324.201,0.0,93830.0,0.009061,289.6616666666667,3.0391666666666666,3.3000000000000003,0.0
2022-08-28 10:00:00,0.0,324.201,0.0,93876.95,0.0084999999999999,292.59166666666664,6.5,3.367666666666667,0.0
2022-08-28 11:00:00,0.0,324.2,0.0,93966.95,0.009061,292.9,5.3,4.447833333333333,0.0
2022-08-28 12:00:00,0.0,332.65183333333334,8.344833333333334,94070.0,0.0098608333333333,291.17,4.6695,5.478333333333334,0.0
2022-08-28 13:00:00,0.0,332.6575,123.29616666666668,94090.0,0.0095913333333333,291.36999999999995,4.087166666666666,3.839,0.0
2022-08-28 14:00:00,0.0,332.6615,236.019,94096.95,0.0100606666666666,291.3,4.408833333333333,3.1695000000000007,0.0
2022-08-28 15:00:00,0.0,348.83899999999994,396.95616666666666,94170.0,0.0097305,290.27000000000004,6.7,1.4695,0.0
2022-08-28 16:00:00,0.0,348.8413333333333,525.2288333333333,94120.0,0.0098911666666666,291.27000000000004,2.739333333333333,0.7303333333333333,0.0
2022-08-28 17:00:00,0.0,348.86483333333337,623.3035000000001,94086.95,0.0092911666666666,292.36999999999995,6.339000000000001,1.3,0.0
2022-08-28 18:00:00,0.0,366.814,611.6245,94090.0,0.0089911666666666,294.5683333333333,7.400000000000001,2.8000000000000003,0.0
2022-08-28 19:00:00,0.0,366.80166666666673,616.5968333333334,94090.0,0.0081913333333333,296.1383333333334,7.6695,2.8305,0.0
2022-08-28 20:00:00,0.0,366.80166666666673,588.1493333333334,94096.95,0.007691,295.8383333333333,5.1000000000000005,3.9,0.0
2022-08-28 21:00:00,0.0,379.5315000000001,391.60666666666674,94096.95,0.0084215,295.43833333333333,6.900000000000001,3.2000000000000006,0.0
2022-08-28 22:00:00,0.0,379.5175,314.56583333333333,94096.95,0.0082608333333333,293.93833333333333,6.108666666666667,3.0698333333333334,0.0
2022-08-28 23:00:00,0.0,379.5175,221.7248333333333,94076.95,0.0080608333333333,292.8383333333333,6.508666666666668,2.9088333333333334,0.0
2022-08-29 00:00:00,0.0,374.2625,112.48416666666668,94106.95,0.0096608333333333,291.2383333333334,5.308833333333334,2.5,0.0
2022-08-29 01:00:00,0.0,374.25633333333343,36.55566666666667,94136.95,0.009791,289.54,3.908833333333333,2.3608333333333333,0.0
2022-08-29 02:00:00,0.1,374.2275,0.0,94216.95,0.0098304999999999,288.70000000000005,3.4,-0.6086666666666667,2.7777778e-05
2022-08-29 03:00:00,0.1,367.3281666666667,0.0,94206.95,0.0095303333333333,288.5683333333333,3.208833333333333,1.8695,2.7777778e-05
2022-08-29 04:00:00,0.1,367.3281666666667,0.0,94226.95,0.0098,287.27000000000004,3.1695000000000007,2.5305,2.7777778e-05
2022-08-29 05:00:00,0.4,367.3281666666667,0.0,94286.95,0.0104305,287.6,6.0,1.0,0.00011111111
2022-08-29 06:00:00,0.1,353.8443333333334,0.0,94296.95,0.0109303333333333,288.86999999999995,6.339000000000001,-0.7696666666666667,2.7777778e-05
2022-08-29 07:00:00,0.0,353.8443333333334,0.0,94376.95,0.0110304999999999,289.0683333333333,6.1305000000000005,-1.6305000000000005,0.0
2022-08-29 08:00:00,0.1,353.8443333333334,0.0,94466.95,0.0112,289.4683333333333,7.0,-4.0305,2.7777778e-05
2022-08-29 09:00:00,0.1,356.3545000000001,0.0,94526.95,0.0104305,288.04,4.7,-1.9,2.7777778e-05
2022-08-29 10:00:00,0.1,356.3383333333333,0.0,94583.9,0.0097,287.5683333333333,5.708833333333334,-1.5,2.7777778e-05
2022-08-29 11:00:00,0.4,356.3383333333333,0.0,94666.95,0.0095303333333333,287.36999999999995,5.5305,-1.2088333333333334,0.00011111111
2022-08-29 12:00:00,0.1,320.91766666666666,6.701666666666667,94750.0,0.0090304999999999,287.1,5.539166666666667,-1.3,2.7777778e-05
2022-08-29 13:00:00,0.0,320.91766666666666,142.10133333333334,94806.95,0.0088608333333333,286.9683333333333,6.6000000000000005,-3.1695000000000007,0.0
2022-08-29 14:00:00,0.0,320.9426666666667,274.81800000000004,94876.95,0.0089305,288.20000000000005,7.139166666666667,-3.539333333333333,0.0
2022-08-29 15:00:00,0.0,334.31033333333335,396.9593333333334,94970.0,0.009061,289.67,8.569833333333333,-5.1695,0.0
2022-08-29 16:00:00,0.0,334.3153333333333,525.974,95046.95,0.0087608333333333,291.4,7.900000000000001,-6.5,0.0
2022-08-29 17:00:00,0.0,334.3153333333333,624.5648333333334,95116.95,0.0084608333333333,292.67,8.6,-7.182666666666667,0.0
2022-08-29 18:00:00,0.0,344.99916666666667,693.4721666666668,95190.0,0.0078606666666666,293.8,9.4,-7.308833333333335,0.0
2022-08-29 19:00:00,0.0,345.0,698.9195,95240.0,0.0075911666666666,294.6383333333334,8.3,-6.908833333333334,0.0
2022-08-29 20:00:00,0.0,345.0,666.2669999999999,95296.95,0.0073913333333333,295.1383333333334,8.027666666666667,-8.339,0.0
2022-08-29 21:00:00,0.0,336.33616666666666,598.4455,95336.95,0.0074913333333333,295.6383333333334,7.739333333333334,-6.639166666666667,0.0
2022-08-29 22:00:00,0.0,336.33616666666666,479.7766666666666,95370.0,0.0075911666666666,295.43833333333333,6.508666666666668,-6.508666666666668,0.0
2022-08-29 23:00:00,0.0,336.3345,336.95483333333334,95426.95,0.0072218333333333,295.27000000000004,7.708833333333334,-5.739333333333334,0.0
2022-08-30 00:00:00,0.0,315.4241666666667,151.11300000000003,95506.95,0.0075911666666666,294.2083333333333,5.508666666666668,-4.708833333333334,0.0
2022-08-30 01:00:00,0.0,315.422,46.64666666666667,95566.95,0.0077911666666666,291.7916666666667,3.9,-3.131833333333333,0.0
2022-08-30 02:00:00,0.0,315.39566666666667,0.0,95606.95,0.0075608333333333,287.9316666666667,2.9,-1.3088333333333333,0.0
2022-08-30 03:00:00,0.0,301.8471666666667,0.0,95676.95,0.0079303333333333,286.7916666666667,2.3000000000000003,0.0,0.0
2022-08-30 04:00:00,0.0,301.8471666666667,0.0,95686.95,0.0075305,286.1616666666667,2.8695,0.7000000000000001,0.0
2022-08-30 05:00:00,0.0,301.8471666666667,0.0,95716.95,0.0076305,285.2616666666667,2.8695,0.7393333333333333,0.0
2022-08-30 06:00:00,0.0,299.1455,0.0,95750.0,0.0073608333333333,284.8616666666667,3.708833333333333,0.2,0.0
2022-08-30 07:00:00,0.0,299.1455,0.0,95773.9,0.0075,284.3,2.5,0.1,0.0
2022-08-30 08:00:00,0.0,299.1455,0.0,95786.95,0.0073,283.77000000000004,2.8695,0.4301666666666667,0.0
2022-08-30 09:00:00,0.0,298.60633333333334,0.0,95816.95,0.0073303333333333,283.9,3.0086666666666666,0.8000000000000002,0.0
2022-08-30 10:00:00,0.0,298.60633333333334,0.0,95866.95,0.0073999999999999,283.36999999999995,2.839,1.3,0.0
2022-08-30 11:00:00,0.0,298.60633333333334,0.0,95866.95,0.0075,283.6,3.1695000000000007,0.7000000000000001,0.0
2022-08-30 12:00:00,0.0,306.39816666666667,3.516666666666667,95896.95,0.0073696666666666,283.67,3.3000000000000003,0.9391666666666666,0.0
2022-08-30 13:00:00,0.0,306.43766666666664,137.90233333333333,95926.95,0.0077999999999999,285.3383333333333,3.0391666666666666,1.0391666666666668,0.0
2022-08-30 14:00:00,0.0,306.46133333333336,269.5645,95956.95,0.0086606666666666,288.93833333333333,5.139166666666667,1.0086666666666666,0.0
2022-08-30 15:00:00,0.0,350.9406666666667,392.74016666666665,95946.95,0.0094913333333333,292.43833333333333,4.208833333333334,0.2911666666666667,0.0
2022-08-30 16:00:00,0.0,350.9685,521.1308333333333,95970.0,0.0086218333333333,296.30833333333334,4.739333333333334,-0.2393333333333333,0.0
2022-08-30 17:00:00,0.0,350.9945,619.2038333333334,95946.95,0.0081913333333333,298.40833333333336,5.039166666666667,-0.8000000000000002,0.0
2022-08-30 18:00:00,0.0,372.2768333333333,684.5218333333333,95940.0,0.0077215,299.40833333333336,4.808833333333333,-0.6391666666666667,0.0
2022-08-30 19:00:00,0.0,372.2871666666667,689.73,95886.95,0.0077519999999999,300.1383333333334,4.937333333333333,-2.1305,0.0
2022-08-30 20:00:00,0.0,372.2871666666667,657.1221666666667,95846.95,0.0083215,301.04,3.639166666666666,-1.5646666666666669,0.0
2022-08-30 21:00:00,0.0,370.0353333333333,584.6161666666667,95786.95,0.0081216666666666,301.6383333333334,3.2000000000000006,-0.8000000000000002,0.0
2022-08-30 22:00:00,0.0,370.0213333333333,467.7635,95746.95,0.008391,301.7383333333334,4.3695,-0.1404999999999999,0.0
2022-08-30 23:00:00,0.0,370.01683333333335,327.2656666666667,95726.95,0.008352,301.2083333333333,3.3480000000000003,-2.1478333333333333,0.0
2022-08-31 00:00:00,0.0,348.33050000000003,142.77150000000003,95726.95,0.0088825,299.5683333333333,2.917666666666667,-2.508666666666667,0.0
2022-08-31 01:00:00,0.0,348.32483333333334,41.62416666666667,95736.95,0.0105214999999999,296.2916666666667,2.161,-1.5391666666666668,0.0
2022-08-31 02:00:00,0.0,348.3093333333333,0.0,95746.95,0.0096608333333333,292.25333333333333,3.2000000000000006,-1.8695,0.0
2022-08-31 03:00:00,0.0,329.68716666666666,0.0,95796.95,0.0102303333333333,291.15333333333336,2.6695000000000007,-0.8608333333333335,0.0
2022-08-31 04:00:00,0.0,329.701,0.0,95816.95,0.0096,289.25333333333333,2.6695000000000007,-1.2606666666666666,0.0
2022-08-31 05:00:00,0.0,329.67633333333333,0.0,95816.95,0.009,288.4916666666666,2.3305,1.2303333333333333,0.0
2022-08-31 06:00:00,0.0,321.07733333333334,0.0,95826.95,0.0092,288.4916666666666,2.4,1.9,0.0
2022-08-31 07:00:00,0.0,321.05716666666666,0.0,95820.0,0.0084999999999999,286.7916666666667,1.5305,2.339,0.0
2022-08-31 08:00:00,0.0,321.0556666666667,0.0,95806.95,0.0084,286.3233333333333,3.0,1.4088333333333332,0.0
2022-08-31 09:00:00,0.0,314.47650000000004,0.0,95816.95,0.0086,285.7916666666667,3.1086666666666667,0.9088333333333334,0.0
2022-08-31 10:00:00,0.0,314.4716666666667,0.0,95806.95,0.0086,285.4316666666667,3.208833333333333,1.9088333333333327,0.0
2022-08-31 11:00:00,0.0,314.4716666666667,0.0,95846.95,0.0081999999999999,284.70000000000005,2.4088333333333334,0.6086666666666667,0.0
2022-08-31 12:00:00,0.0,321.163,0.4291666666666667,95860.0,0.0081,284.93833333333333,2.708833333333333,0.6391666666666667,0.0
2022-08-31 13:00:00,0.0,321.19800000000004,134.62033333333335,95876.95,0.0088303333333333,286.43833333333333,2.0086666666666666,1.6391666666666669,0.0
2022-08-31 14:00:00,0.0,321.2025,266.1286666666667,95906.95,0.0098911666666666,291.0083333333334,3.3175000000000003,2.208833333333333,0.0
2022-08-31 15:00:00,0.0,368.02116666666666,360.8253333333334,95906.95,0.0102216666666666,294.77833333333336,4.5,1.2,0.0
2022-08-31 16:00:00,0.0,368.0446666666666,479.4521666666667,95906.95,0.0097215,298.37833333333333,6.1000000000000005,0.0305,0.0
2022-08-31 17:00:00,0.0,368.0753333333334,570.0561666666667,95880.0,0.0102913333333333,300.0083333333334,4.639166666666667,0.7393333333333333,0.0
2022-08-31 18:00:00,0.0,385.1875,677.1296666666667,95836.95,0.0096216666666666,301.90833333333336,4.8,-0.9,0.0
2022-08-31 19:00:00,0.0,385.1875,682.1456666666667,95796.95,0.0092521666666666,303.17,5.0,-0.2,0.0
2022-08-31 20:00:00,0.0,385.1875,649.4670000000001,95740.0,0.0085215,304.1383333333334,4.930166666666668,-2.339,0.0
2022-08-31 21:00:00,0.0,382.8766666666667,580.0975,95696.95,0.0094218333333333,304.3383333333333,5.2,-2.1478333333333333,0.0
2022-08-31 22:00:00,0.0,382.8766666666667,463.2173333333333,95646.95,0.0089216666666666,304.3383333333333,4.739333333333334,-2.439166666666667,0.0
2022-08-31 23:00:00,0.0,382.8716666666667,322.8111666666667,95596.95,0.0092215,303.7083333333333,3.439166666666667,-1.6000000000000003,0.0
2022-09-01 00:00:00,0.0,359.11500000000007,137.00483333333332,95576.95,0.0112128333333333,302.17,2.1,-0.7393333333333333,0.0
2022-09-01 01:00:00,0.0,359.11100000000005,36.748333333333335,95546.95,0.0118214999999999,299.45166666666665,1.9695,0.7000000000000001,0.0
2022-09-01 02:00:00,0.0,359.08666666666664,0.0,95526.95,0.0113214999999999,294.4916666666666,0.8695,1.5,0.0
2022-09-01 03:00:00,0.0,339.2185,0.0,95546.95,0.0109913333333333,292.59166666666664,1.0698333333333334,2.5,0.0
2022-09-01 04:00:00,0.0,339.21066666666667,0.0,95536.95,0.0111694999999999,290.72166666666664,0.0,2.4,0.0
2022-09-01 05:00:00,0.0,339.21066666666667,0.0,95496.95,0.0101,290.4916666666666,0.3,3.1,0.0
2022-09-01 06:00:00,0.0,332.3528333333333,0.0,95450.0,0.0091608333333333,290.23,1.2303333333333333,3.0391666666666666,0.0
2022-09-01 07:00:00,0.0,332.33983333333333,0.0,95406.95,0.0093303333333333,289.7916666666667,1.5391666666666668,2.9,0.0
2022-09-01 08:00:00,0.0,332.32533333333333,0.0,95376.95,0.0091305,288.8616666666667,1.5391666666666668,3.269666666666667,0.0
2022-09-01 09:00:00,0.0,326.8446666666667,0.0,95336.95,0.0087999999999999,288.9916666666666,0.2303333333333333,3.5391666666666666,0.0
2022-09-01 10:00:00,0.0,326.8446666666667,0.0,95306.95,0.0084305,289.06166666666667,0.5308333333333334,3.7000000000000006,0.0
2022-09-01 11:00:00,0.0,326.8306666666667,0.0,95273.9,0.0081303333333333,288.9683333333333,0.6305,4.039166666666667,0.0
2022-09-01 12:00:00,0.0,333.55316666666664,0.0,95210.0,0.0087303333333333,290.0083333333334,2.839,4.748,0.0
2022-09-01 13:00:00,0.0,333.56533333333334,122.80666666666669,95186.95,0.009061,290.87833333333333,1.7393333333333334,3.8088333333333337,0.0
2022-09-01 14:00:00,0.0,333.6003333333333,245.60100000000003,95140.0,0.0104609999999999,294.5783333333333,2.947833333333333,3.717666666666666,0.0
2022-09-01 15:00:00,0.0,381.45583333333326,404.1326666666667,95036.95,0.010491,298.11000000000007,3.208833333333333,5.8566666666666665,0.0
2022-09-01 16:00:00,0.0,381.48083333333335,499.6041666666667,94936.95,0.0098214999999999,299.6383333333334,3.5086666666666666,7.047999999999999,0.0
2022-09-01 17:00:00,0.0,381.5291666666667,589.7208333333334,94850.0,0.0098911666666666,302.0683333333333,3.3088333333333337,7.839000000000001,0.0
2022-09-01 18:00:00,0.0,401.7325,648.0511666666667,94766.95,0.0099911666666666,302.7383333333334,3.339,8.439166666666667,0.0
2022-09-01 19:00:00,0.0,401.772,642.8771666666667,94726.95,0.0105214999999999,303.77000000000004,3.3088333333333337,7.808833333333335,0.0
2022-09-01 20:00:00,0.0,401.772,607.9871666666667,94676.95,0.0104215,304.93833333333333,5.8,6.2,0.0
2022-09-01 21:00:00,0.0,392.032,563.7006666666667,94596.95,0.0110911666666666,305.36999999999995,5.8695,4.1695,0.0
2022-09-01 22:00:00,0.0,392.0176666666666,449.55233333333337,94536.95,0.0101218333333333,305.1383333333334,5.3,2.739333333333333,0.0
2022-09-01 23:00:00,0.0,392.008,328.0795,94526.95,0.0100823333333333,303.90833333333336,4.008666666666667,1.608666666666667,0.0
2022-09-02 00:00:00,0.0,362.2121666666667,133.82666666666668,94496.95,0.0114128333333333,301.20000000000005,3.439166666666667,1.8088333333333333,0.0
2022-09-02 01:00:00,0.0,362.1713333333334,33.3765,94486.95,0.0120215,298.12166666666667,2.5,2.0783333333333336,0.0
2022-09-02 02:00:00,0.0,362.1705,0.0,94486.95,0.0105304999999999,296.39000000000004,3.608666666666666,2.5,0.0
2022-09-02 03:00:00,0.0,357.8455,0.0,94586.95,0.0106606666666666,296.23,4.108666666666667,1.2,0.0
2022-09-02 04:00:00,0.0,357.8438333333333,0.0,94746.95,0.0095303333333333,298.20000000000005,6.0,-3.6,0.0
2022-09-02 05:00:00,0.0,357.8298333333334,0.0,94816.95,0.0107999999999999,294.3,3.839,-2.039166666666667,0.0
2022-09-02 06:00:00,0.0,335.8143333333333,0.0,94906.95,0.0102303333333333,292.4683333333333,4.008666666666667,-1.9088333333333327,0.0
2022-09-02 07:00:00,0.0,335.801,0.0,94993.9,0.0093303333333333,291.4316666666667,5.2,-3.2000000000000006,0.0
2022-09-02 08:00:00,0.0,335.7866666666667,0.0,95116.95,0.0079303333333333,290.63000000000005,4.4,-3.9,0.0
2022-09-02 09:00:00,0.0,301.8856666666666,0.0,95216.95,0.0072606666666666,288.23,3.3000000000000003,-3.1,0.0
2022-09-02 10:00:00,0.0,301.8781666666667,0.0,95316.95,0.0072,285.8616666666667,3.7000000000000006,-3.1305,0.0
2022-09-02 11:00:00,0.0,301.8781666666667,0.0,95433.9,0.0065999999999999,284.83,3.8305,-3.860833333333333,0.0
2022-09-02 12:00:00,0.0,288.9553333333334,0.0,95546.95,0.0065,283.33,4.430166666666668,-4.2,0.0
2022-09-02 13:00:00,0.0,288.9553333333334,125.0065,95646.95,0.0067303333333333,284.20000000000005,4.3,-3.2303333333333337,0.0
2022-09-02 14:00:00,0.0,288.9795,252.9855,95736.95,0.0070304999999999,286.67,3.9,-4.7,0.0
2022-09-02 15:00:00,0.0,311.2696666666667,394.5926666666667,95826.95,0.0071606666666666,288.5683333333333,3.608666666666666,-5.7,0.0
2022-09-02 16:00:00,0.0,311.2696666666667,488.52433333333335,95926.95,0.0067608333333333,290.0,3.0,-5.939166666666668,0.0
2022-09-02 17:00:00,0.0,311.2696666666667,576.9846666666667,95976.95,0.0069609999999999,291.6383333333334,3.7000000000000006,-5.900000000000001,0.0
2022-09-02 18:00:00,0.0,326.7,642.202,96016.95,0.0071606666666666,293.04,3.7303333333333337,-5.400000000000001,0.0
2022-09-02 19:00:00,0.0,326.7,636.9628333333334,96056.95,0.0067913333333333,293.5,4.939166666666667,-6.639500000000001,0.0
2022-09-02 20:00:00,0.0,326.7048333333333,601.9613333333333,96066.95,0.0070911666666666,294.5683333333333,4.008666666666667,-5.1000000000000005,0.0
2022-09-02 21:00:00,0.0,322.1,569.9466666666667,96096.95,0.0066913333333333,294.67,4.439166666666667,-4.7,0.0
2022-09-02 22:00:00,0.0,322.1,453.5568333333334,96093.9,0.0067608333333333,294.77000000000004,3.908833333333333,-4.7,0.0
2022-09-02 23:00:00,0.0,322.1,329.66283333333337,96146.95,0.0065606666666666,294.77000000000004,2.8088333333333337,-4.7,0.0
2022-09-03 00:00:00,0.0,299.7481666666667,133.62233333333333,96196.95,0.0069609999999999,294.0683333333333,1.608666666666667,-3.708833333333333,0.0
2022-09-03 01:00:00,0.0,299.741,30.648333333333337,96193.9,0.0074608333333333,290.4216666666667,0.5698333333333333,-2.1086666666666667,0.0
2022-09-03 02:00:00,0.0,299.72716666666673,0.0,96256.95,0.0070304999999999,287.56166666666667,0.9391666666666666,-2.2303333333333337,0.0
2022-09-03 03:00:00,0.0,283.241,0.0,96326.95,0.0069,285.56166666666667,0.6,-0.2,0.0
2022-09-03 04:00:00,0.0,283.241,0.0,96356.95,0.0063999999999999,283.8233333333333,-0.1695,0.3,0.0
2022-09-03 05:00:00,0.0,283.241,0.0,96406.95,0.0064304999999999,283.22166666666664,0.6,1.7696666666666667,0.0
2022-09-03 06:00:00,0.0,277.3065,0.0,96416.95,0.0068,282.4216666666667,0.5,2.4695,0.0
2022-09-03 07:00:00,0.0,277.29783333333336,0.0,96436.95,0.0063305,281.15333333333336,0.3,2.3088333333333333,0.0
2022-09-03 08:00:00,0.0,277.2766666666667,0.0,96480.0,0.0063,281.09166666666664,0.6305,1.608666666666667,0.0
2022-09-03 09:00:00,0.0,273.7565,0.0,96526.95,0.0063695,280.9216666666667,-0.4216666666666667,2.439166666666667,0.0
2022-09-03 10:00:00,0.0,273.7565,0.0,96553.9,0.0059696666666666,280.09166666666664,0.9825,2.4695,0.0
2022-09-03 11:00:00,0.0,273.7556666666667,0.0,96576.95,0.0058,280.0216666666667,0.7000000000000001,1.9,0.0
2022-09-03 12:00:00,0.0,278.782,0.0,96583.9,0.0058696666666666,279.69166666666666,-1.7911666666666666,2.1086666666666667,0.0
2022-09-03 13:00:00,0.0,278.8015,120.9875,96596.95,0.0066303333333333,281.9916666666666,-1.3768333333333331,2.5,0.0
2022-09-03 14:00:00,0.0,278.8155,247.9145,96626.95,0.008391,287.4216666666667,-0.0216666666666666,1.7566666666666666,0.0
2022-09-03 15:00:00,0.0,323.3541666666667,407.5463333333334,96603.9,0.0077608333333333,291.9,1.6391666666666669,2.208833333333333,0.0
2022-09-03 16:00:00,0.0,323.38916666666665,505.305,96616.95,0.0074608333333333,295.20000000000005,2.208833333333333,3.3000000000000003,0.0
2022-09-03 17:00:00,0.0,323.3985,597.2225,96606.95,0.0069609999999999,295.9683333333333,0.1,4.7,0.0
2022-09-03 18:00:00,0.0,349.2246666666667,653.602,96576.95,0.0069304999999999,296.77000000000004,0.3305,4.239333333333334,0.0
2022-09-03 19:00:00,0.0,349.2246666666667,648.0756666666666,96546.95,0.0068216666666666,297.5683333333333,-0.0086666666666666,4.839,0.0
2022-09-03 20:00:00,0.0,349.2291666666667,612.0796666666666,96476.95,0.0071214999999999,297.9683333333333,1.2,3.6,0.0
2022-09-03 21:00:00,0.0,345.7323333333334,563.2591666666666,96396.95,0.0075608333333333,298.77000000000004,0.7000000000000001,4.4,0.0
2022-09-03 22:00:00,0.0,345.7323333333334,447.257,96326.95,0.007691,298.86999999999995,0.161,4.2,0.0
2022-09-03 23:00:00,0.0,345.7323333333334,323.6755,96316.95,0.0079606666666666,298.4,0.6,3.7000000000000006,0.0
2022-09-04 00:00:00,0.0,319.6366666666667,127.66,96266.95,0.0081216666666666,297.17,-0.5086666666666666,2.839,0.0
2022-09-04 01:00:00,0.0,319.6058333333333,26.585166666666662,96236.95,0.0079913333333333,293.3816666666667,-1.5,2.4,0.0
2022-09-04 02:00:00,0.0,319.60116666666664,0.0,96236.95,0.0075608333333333,290.2916666666667,-2.060833333333333,3.4,0.0
2022-09-04 03:00:00,0.0,299.12183333333337,0.0,96246.95,0.0081303333333333,288.70000000000005,-2.5,3.5391666666666666,0.0
2022-09-04 04:00:00,0.0,299.12183333333337,0.0,96226.95,0.0077999999999999,287.9316666666667,-2.4,3.339,0.0
2022-09-04 05:00:00,0.0,299.12183333333337,0.0,96216.95,0.007661,288.73,-1.9695,4.408833333333333,0.0
2022-09-04 06:00:00,0.0,292.8885,0.0,96190.0,0.0076305,288.83,-1.7,4.108666666666667,0.0
2022-09-04 07:00:00,0.0,292.8885,0.0,96146.95,0.0078304999999999,287.96,-1.452,3.1173333333333333,0.0
2022-09-04 08:00:00,0.0,292.8745,0.0,96120.0,0.0080303333333333,288.0316666666667,-0.5608333333333334,3.647833333333333,0.0
2022-09-04 09:00:00,0.0,287.07183333333336,0.0,96106.95,0.0077304999999999,287.4316666666667,-1.3,3.939166666666667,0.0
2022-09-04 10:00:00,0.0,287.0708333333334,0.0,96096.95,0.0076305,286.7616666666667,-1.3,3.608666666666666,0.0
2022-09-04 11:00:00,0.0,287.0708333333334,0.0,96060.0,0.0074303333333333,286.13000000000005,-1.2606666666666666,3.4088333333333334,0.0
2022-09-04 12:00:00,0.0,296.834,0.0,96006.95,0.0072303333333333,286.9316666666667,-1.1911666666666667,4.508666666666667,0.0
2022-09-04 13:00:00,0.0,296.852,117.4305,95956.95,0.0073303333333333,287.5683333333333,-1.3608333333333336,5.008666666666668,0.0
2022-09-04 14:00:00,0.0,296.86566666666664,243.7133333333333,95896.95,0.0084999999999999,290.93833333333333,-1.7,4.540666666666667,0.0
2022-09-04 15:00:00,0.0,341.8605,402.39366666666666,95876.95,0.0082608333333333,293.54,-2.4745,5.547999999999999,0.0
2022-09-04 16:00:00,0.0,341.89616666666666,499.72333333333336,95806.95,0.0082608333333333,295.54,-2.4,5.608666666666667,0.0
2022-09-04 17:00:00,0.0,341.9171666666667,590.9756666666667,95776.95,0.0082911666666666,297.5683333333333,-3.0305,5.708833333333334,0.0
2022-09-04 18:00:00,0.0,369.7518333333333,645.4025,95696.95,0.0080913333333333,299.27000000000004,-4.5,5.608666666666667,0.0
2022-09-04 19:00:00,0.0,369.76666666666665,639.7853333333334,95626.95,0.0086218333333333,300.5683333333333,-3.0,6.939166666666668,0.0
2022-09-04 20:00:00,0.0,369.7865,603.7843333333334,95586.95,0.0083215,300.7383333333334,-3.6,6.900000000000001,0.0
2022-09-04 21:00:00,0.0,366.79733333333337,552.5024999999999,95500.0,0.0079913333333333,300.67,-4.6000000000000005,6.908833333333334,0.0
2022-09-04 22:00:00,0.0,366.79733333333337,437.7461666666666,95466.95,0.008391,300.2383333333334,-4.0,5.739333333333334,0.0
2022-09-04 23:00:00,0.0,366.77316666666667,315.3648333333333,95446.95,0.0082216666666666,299.4683333333333,-3.5,6.308833333333335,0.0
2022-09-05 00:00:00,0.0,341.40316666666666,119.7985,95456.95,0.0081608333333333,297.17,-2.4,3.639166666666666,0.0
2022-09-05 01:00:00,0.0,341.3691666666667,22.235833333333336,95446.95,0.0078304999999999,294.83,-3.208833333333333,2.4088333333333334,0.0
2022-09-05 02:00:00,0.0,341.3546666666666,0.0,95456.95,0.0077608333333333,293.77000000000004,-3.769666666666667,3.2176666666666667,0.0
2022-09-05 03:00:00,0.0,331.2426666666667,0.0,95446.95,0.0083305,292.86999999999995,-4.2,3.839,0.0
2022-09-05 04:00:00,0.1,331.2426666666667,0.0,95416.95,0.0084999999999999,292.9,-2.7303333333333337,4.147833333333334,2.7777778e-05
2022-09-05 05:00:00,0.3,331.2426666666667,0.0,95336.95,0.0080608333333333,292.27000000000004,-1.3521666666666663,5.456833333333333,8.333334e-05
2022-09-05 06:00:00,0.20084397,327.744,0.0,95233.9,0.0084695,293.06166666666667,-2.339,7.599333333333334,5.5789995e-05
2022-09-05 07:00:00,0.1,327.73133333333334,0.0,95296.95,0.0089608333333333,291.7383333333334,2.6086666666666667,7.730333333333334,2.7777778e-05
2022-09-05 08:00:00,0.0,327.73133333333334,0.0,95196.95,0.0090304999999999,291.86999999999995,0.4608333333333334,9.161,0.0
2022-09-05 09:00:00,0.0,318.75600000000003,0.0,95206.95,0.0092305,291.4,0.9391666666666666,4.008666666666667,0.0
2022-09-05 10:00:00,0.1,318.7558333333333,0.0,95186.95,0.0089305,290.3,-2.8088333333333337,3.7000000000000006,2.7777778e-05
2022-09-05 11:00:00,0.3083985,318.75433333333336,0.0,95206.95,0.0092305,289.83,-1.5698333333333334,3.2000000000000006,8.5666245e-05
2022-09-05 12:00:00,0.2231458,314.61733333333336,0.0,95246.95,0.0084305,288.9,-1.7696666666666667,4.708833333333334,6.1984945e-05
2022-09-05 13:00:00,0.0,314.6393333333333,112.30166666666666,95246.95,0.0088303333333333,288.7383333333334,-1.2696666666666667,4.9478333333333335,0.0
2022-09-05 14:00:00,0.0,314.6438333333333,236.2251666666667,95276.95,0.0095303333333333,290.9683333333333,-2.7768333333333337,4.508666666666667,0.0
2022-09-05 15:00:00,0.0,352.94800000000004,396.4866666666667,95223.9,0.0102608333333333,292.77000000000004,-2.1,6.408833333333334,0.0
2022-09-05 16:00:00,0.0,352.9871666666666,493.1586666666667,95236.95,0.0101608333333333,293.9683333333333,-2.5305,5.6305000000000005,0.0
2022-09-05 17:00:00,0.0,353.0235,583.59,95226.95,0.0101608333333333,295.17,-2.3000000000000003,4.7,0.0
2022-09-05 18:00:00,0.0,379.797,639.8195,95190.0,0.0099606666666666,295.86999999999995,-2.291166666666667,4.7,0.0
2022-09-05 19:00:00,0.0,379.8006666666667,634.0486666666667,95166.95,0.0110216666666666,297.5,-1.3,5.439166666666668,0.0
2022-09-05 20:00:00,0.0,379.8113333333334,597.9958333333334,95126.95,0.0113911666666666,298.67,-1.5911666666666668,4.9,0.0
2022-09-05 21:00:00,0.0,381.91766666666666,546.1466666666666,95116.95,0.0109913333333333,299.3,-1.8288333333333333,5.208833333333334,0.0
2022-09-05 22:00:00,0.0,381.9301666666667,431.7365,95076.95,0.0109608333333333,299.8,-1.1,4.239333333333334,0.0
2022-09-05 23:00:00,0.0,381.9301666666667,309.59316666666666,95096.95,0.0110608333333333,299.77000000000004,-0.8000000000000002,3.848,0.0
